25,"(0.014423076923076872, 0.022235576923076872, -0.0012019230769231282)",2004-01-08 10:00:00,2004-01-09 14:30:00
50,"(0.014423076923076872, 0.022235576923076872, -0.0012019230769231282)",2004-01-08 10:00:00,2004-01-13 11:15:00
75,"(0.010216346153846256, 0.022235576923076872, -0.0012019230769231282)",2004-01-08 10:00:00,2004-01-15 09:45:00
100,"(0.009014423076923128, 0.022235576923076872, -0.0012019230769231282)",2004-01-08 10:00:00,2004-01-16 14:30:00
150,"(0.02043269230769229, 0.030649038461538547, -0.0012019230769231282)",2004-01-08 10:00:00,2004-02-03 09:45:00
25,"(0.030742459396751798, 0.033062645011600944, -0.0034802784222738303)",2004-02-05 09:30:00,2004-02-06 14:00:00
50,"(0.06032482598607891, 0.06438515081206497, -0.0034802784222738303)",2004-02-05 09:30:00,2004-02-10 10:45:00
75,"(0.06090487238979114, 0.06438515081206497, -0.0034802784222738303)",2004-02-05 09:30:00,2004-02-12 09:15:00
100,"(0.05220417633410679, 0.07308584686774933, -0.0034802784222738303)",2004-02-05 09:30:00,2004-02-13 14:00:00
150,"(0.06380510440835274, 0.09338747099767986, -0.0034802784222738303)",2004-02-05 09:30:00,2004-02-19 09:15:00
25,"(0.03473804100227795, 0.04100227790432798, -0.006833712984054663)",2004-02-05 14:30:00,2004-02-09 11:00:00
50,"(0.01765375854214124, 0.04498861047835989, -0.006833712984054663)",2004-02-05 14:30:00,2004-02-11 09:30:00
75,"(0.044419134396355364, 0.04498861047835989, -0.006833712984054663)",2004-02-05 14:30:00,2004-02-12 14:15:00
100,"(0.03075170842824604, 0.05353075170842825, -0.006833712984054663)",2004-02-05 14:30:00,2004-02-16 11:00:00
150,"(0.05068337129840539, 0.0734624145785876, -0.006833712984054663)",2004-02-05 14:30:00,2004-02-19 14:15:00
25,"(0.03446327683615813, 0.03672316384180796, -0.00790960451977396)",2004-02-06 11:00:00,2004-02-10 09:15:00
50,"(0.00621468926553681, 0.03672316384180796, -0.00790960451977396)",2004-02-06 11:00:00,2004-02-11 14:00:00
75,"(0.02824858757062154, 0.04519774011299438, -0.00790960451977396)",2004-02-06 11:00:00,2004-02-13 10:45:00
100,"(0.031073446327683607, 0.04519774011299438, -0.00790960451977396)",2004-02-06 11:00:00,2004-02-17 09:15:00
150,"(0.058192090395480234, 0.06497175141242928, -0.00790960451977396)",2004-02-06 11:00:00,2004-02-20 10:45:00
25,"(0.012195121951219523, 0.02716186252771613, -0.0022172949002217113)",2004-03-11 09:45:00,2004-03-12 14:15:00
50,"(0.003325942350332678, 0.02716186252771613, -0.0022172949002217113)",2004-03-11 09:45:00,2004-03-17 11:00:00
75,"(-0.0022172949002217113, 0.02716186252771613, -0.013303769401330379)",2004-03-11 09:45:00,2004-03-19 09:30:00
100,"(0.001662971175166339, 0.02716186252771613, -0.013303769401330379)",2004-03-11 09:45:00,2004-03-22 14:15:00
150,"(0.033813747228381485, 0.03880266075388028, -0.013858093126385862)",2004-03-11 09:45:00,2004-04-02 09:30:00
25,"(0.035991140642303465, 0.037652270210409844, -0.011074197120708784)",2004-03-25 10:15:00,2004-04-02 14:45:00
50,"(0.021594684385382035, 0.04928017718715383, -0.011074197120708784)",2004-03-25 10:15:00,2004-04-06 11:30:00
75,"(0.033776301218161775, 0.04928017718715383, -0.011074197120708784)",2004-03-25 10:15:00,2004-04-08 10:00:00
100,"(0.039867109634551534, 0.04983388704318936, -0.011074197120708784)",2004-03-25 10:15:00,2004-04-09 14:45:00
150,"(0.06312292358803995, 0.06810631229235886, -0.011074197120708784)",2004-03-25 10:15:00,2004-04-15 10:00:00
25,"(-0.05649717514124297, 0.011299435028248483, -0.05875706214689269)",2004-04-28 14:00:00,2004-04-30 10:15:00
50,"(-0.051977401129943535, 0.011299435028248483, -0.06497175141242939)",2004-04-28 14:00:00,2004-05-10 15:00:00
75,"(-0.0909604519774011, 0.011299435028248483, -0.096045197740113)",2004-04-28 14:00:00,2004-05-12 13:45:00
100,"(-0.10056497175141244, 0.011299435028248483, -0.10734463276836159)",2004-04-28 14:00:00,2004-05-14 10:15:00
150,"(-0.12316384180790962, 0.011299435028248483, -0.14180790960451972)",2004-04-28 14:00:00,2004-05-19 13:45:00
25,"(0.001312335958005173, 0.0032808398950130435, -0.015091863517060378)",2004-08-03 10:15:00,2004-08-04 14:45:00
50,"(0.003937007874015741, 0.017060367454068137, -0.015091863517060378)",2004-08-03 10:15:00,2004-08-06 11:30:00
75,"(0.017060367454068137, 0.026246719160105014, -0.015091863517060378)",2004-08-03 10:15:00,2004-08-10 10:00:00
100,"(0.017716535433070835, 0.027559055118110187, -0.015091863517060378)",2004-08-03 10:15:00,2004-08-11 14:45:00
150,"(0.036745406824147064, 0.03805774278215224, -0.015091863517060378)",2004-08-03 10:15:00,2004-08-17 10:00:00
25,"(0.012690355329949332, 0.015228426395939021, -0.0012690355329949554)",2004-08-17 09:45:00,2004-08-18 14:15:00
50,"(0.014593908629441543, 0.020304568527918843, -0.0012690355329949554)",2004-08-17 09:45:00,2004-08-20 11:00:00
75,"(0.024111675126903487, 0.02855329949238583, -0.0012690355329949554)",2004-08-17 09:45:00,2004-08-24 09:30:00
100,"(0.01840101522842641, 0.02855329949238583, -0.0012690355329949554)",2004-08-17 09:45:00,2004-08-25 14:15:00
150,"(0.017131979695431454, 0.02855329949238583, -0.0012690355329949554)",2004-08-17 09:45:00,2004-08-31 09:30:00
25,"(0.011474469305794655, 0.014343086632243152, -0.0011474469305794432)",2004-10-08 09:30:00,2004-10-11 14:00:00
50,"(-0.02696500286861736, 0.014343086632243152, -0.03384968445209413)",2004-10-08 09:30:00,2004-10-13 10:45:00
75,"(-0.06827309236947787, 0.014343086632243152, -0.0866322432587493)",2004-10-08 09:30:00,2004-10-18 09:15:00
100,"(-0.0791738382099828, 0.014343086632243152, -0.08777969018932874)",2004-10-08 09:30:00,2004-10-19 14:00:00
150,"(-0.07343660355708548, 0.014343086632243152, -0.08777969018932874)",2004-10-08 09:30:00,2004-10-25 09:15:00
25,"(0.010862619808306606, 0.021086261980830745, -0.0012779552715654896)",2004-11-11 11:15:00,2004-11-15 09:30:00
50,"(-0.005111821086261958, 0.021086261980830745, -0.010223642172523917)",2004-11-11 11:15:00,2004-11-16 14:15:00
75,"(0.014057507987220497, 0.021086261980830745, -0.010223642172523917)",2004-11-11 11:15:00,2004-11-18 11:00:00
100,"(0.00191693290734829, 0.021086261980830745, -0.010223642172523917)",2004-11-11 11:15:00,2004-11-22 09:30:00
150,"(0.011501597444089517, 0.021086261980830745, -0.010223642172523917)",2004-11-11 11:15:00,2004-11-25 11:00:00
25,"(0.0018785222291797243, 0.005635566687539173, -0.004383218534752653)",2004-11-26 14:15:00,2004-11-30 10:45:00
50,"(-0.006887914840325582, 0.005635566687539173, -0.01064495929868503)",2004-11-26 14:15:00,2004-12-02 09:15:00
75,"(-0.02003757044458354, 0.005635566687539173, -0.03443957420162802)",2004-11-26 14:15:00,2004-12-03 14:00:00
100,"(-0.013775829680651275, 0.005635566687539173, -0.03443957420162802)",2004-11-26 14:15:00,2004-12-07 10:45:00
150,"(-0.01440200375704448, 0.005635566687539173, -0.03443957420162802)",2004-11-26 14:15:00,2004-12-10 14:00:00
25,"(0.00383386581469658, 0.006389776357827559, -0.003833865814696469)",2004-12-03 09:30:00,2004-12-06 14:00:00
50,"(0.007028753993610248, 0.010223642172523917, -0.003833865814696469)",2004-12-03 09:30:00,2004-12-08 10:45:00
75,"(0.008306709265175627, 0.015335463258785875, -0.003833865814696469)",2004-12-03 09:30:00,2004-12-10 09:15:00
100,"(0.008945686900958538, 0.015335463258785875, -0.003833865814696469)",2004-12-03 09:30:00,2004-12-14 14:00:00
150,"(0.015974440894568787, 0.029392971246006372, -0.003833865814696469)",2004-12-03 09:30:00,2004-12-20 09:15:00
25,"(0.006309148264984188, 0.016403785488958933, -0.0006309148264984632)",2004-12-15 11:30:00,2004-12-17 09:45:00
50,"(-0.003154574132492094, 0.016403785488958933, -0.006309148264984188)",2004-12-15 11:30:00,2004-12-20 14:30:00
75,"(0.003785488958990557, 0.016403785488958933, -0.006309148264984188)",2004-12-15 11:30:00,2004-12-22 11:15:00
100,"(0.015141955835962229, 0.017034700315457396, -0.006309148264984188)",2004-12-15 11:30:00,2004-12-24 09:45:00
150,"(0.050473186119873725, 0.056782334384858135, -0.006309148264984188)",2004-12-15 11:30:00,2004-12-29 11:15:00
25,"(-0.0018703241895261513, 0.0024937655860348684, -0.009351620947630868)",2004-12-22 09:45:00,2004-12-23 14:15:00
50,"(0.03865336658354113, 0.043640897755610863, -0.009351620947630868)",2004-12-22 09:45:00,2004-12-27 11:00:00
75,"(0.032418952618453956, 0.0442643391521198, -0.009351620947630868)",2004-12-22 09:45:00,2004-12-29 09:30:00
100,"(0.03615960099750626, 0.0442643391521198, -0.009351620947630868)",2004-12-22 09:45:00,2004-12-30 14:15:00
150,"(-0.006857855361595999, 0.0442643391521198, -0.027431421446383997)",2004-12-22 09:45:00,2005-01-06 09:30:00
25,"(0.0025284450063212116, 0.012642225031605614, -0.0025284450063211006)",2005-01-05 09:30:00,2005-01-06 14:00:00
50,"(0.00821744627054355, 0.012642225031605614, -0.0025284450063211006)",2005-01-05 09:30:00,2005-01-10 10:45:00
75,"(0.01327433628318575, 0.017699115044247815, -0.0025284450063211006)",2005-01-05 09:30:00,2005-01-12 09:15:00
100,"(0.01327433628318575, 0.017699115044247815, -0.0025284450063211006)",2005-01-05 09:30:00,2005-01-13 14:00:00
150,"(0.013906447534766109, 0.022756005056890016, -0.0025284450063211006)",2005-01-05 09:30:00,2005-01-19 09:15:00
25,"(0.0, 0.004993757802746579, -0.004369538077403257)",2005-01-11 09:45:00,2005-01-12 14:15:00
50,"(-0.0012484394506866447, 0.004993757802746579, -0.004369538077403257)",2005-01-11 09:45:00,2005-01-14 11:00:00
75,"(0.001872659176029856, 0.009987515605493158, -0.004369538077403257)",2005-01-11 09:45:00,2005-01-18 09:30:00
100,"(0.001872659176029856, 0.009987515605493158, -0.004369538077403257)",2005-01-11 09:45:00,2005-01-19 14:15:00
150,"(0.013732833957553092, 0.021847690387016172, -0.004369538077403257)",2005-01-11 09:45:00,2005-01-25 09:30:00
25,"(-0.0060422960725075026, 0.0006042296072508169, -0.012084592145015116)",2005-02-21 09:30:00,2005-02-22 14:00:00
50,"(-0.0024169184290030454, 0.0006042296072508169, -0.012084592145015116)",2005-02-21 09:30:00,2005-02-24 10:45:00
75,"(-0.007854984894259842, 0.0006042296072508169, -0.013293051359516639)",2005-02-21 09:30:00,2005-02-28 09:15:00
100,"(-0.007250755287009025, 0.0006042296072508169, -0.013293051359516639)",2005-02-21 09:30:00,2005-03-01 14:00:00
150,"(0.004229607250755274, 0.004229607250755274, -0.013293051359516639)",2005-02-21 09:30:00,2005-03-07 09:15:00
25,"(0.021531100478468845, 0.026913875598086223, -0.0011961722488038617)",2005-03-09 09:30:00,2005-03-10 14:00:00
50,"(0.005980861244019087, 0.026913875598086223, -0.0011961722488038617)",2005-03-09 09:30:00,2005-03-14 10:45:00
75,"(0.008971291866028741, 0.026913875598086223, -0.0011961722488038617)",2005-03-09 09:30:00,2005-03-16 09:15:00
100,"(0.018540669856459413, 0.026913875598086223, -0.0011961722488038617)",2005-03-09 09:30:00,2005-03-17 14:00:00
150,"(0.008971291866028741, 0.026913875598086223, -0.008971291866028741)",2005-03-09 09:30:00,2005-03-23 09:15:00
25,"(0.01485442661913261, 0.02020202020202011, -0.0011883541295305555)",2005-03-09 09:45:00,2005-03-10 14:15:00
50,"(-0.0005941770647652778, 0.02020202020202011, -0.002376708259061222)",2005-03-09 09:45:00,2005-03-14 11:00:00
75,"(0.007130124777183555, 0.02020202020202011, -0.005347593582887722)",2005-03-09 09:45:00,2005-03-16 09:30:00
100,"(0.013071895424836555, 0.02020202020202011, -0.005347593582887722)",2005-03-09 09:45:00,2005-03-17 14:15:00
150,"(0.0035650623885918886, 0.02020202020202011, -0.015448603683897777)",2005-03-09 09:45:00,2005-03-23 09:30:00
25,"(-0.005325443786982298, 0.0, -0.0065088757396449815)",2005-04-07 09:45:00,2005-04-08 14:15:00
50,"(-0.002366863905325478, 0.007100591715976323, -0.00887573964497046)",2005-04-07 09:45:00,2005-04-12 11:00:00
75,"(-0.014201183431952646, 0.007100591715976323, -0.014792899408283988)",2005-04-07 09:45:00,2005-04-14 09:30:00
100,"(-0.011242603550295827, 0.007100591715976323, -0.02426035502958579)",2005-04-07 09:45:00,2005-04-15 14:15:00
150,"(-0.011242603550295827, 0.007100591715976323, -0.02426035502958579)",2005-04-07 09:45:00,2005-04-21 09:30:00
25,"(0.0035714285714285587, 0.004761904761904745, -0.005952380952380931)",2005-06-14 09:15:00,2005-06-15 13:45:00
50,"(0.0035714285714285587, 0.008928571428571397, -0.005952380952380931)",2005-06-14 09:15:00,2005-06-17 10:15:00
75,"(0.004761904761904745, 0.01130952380952377, -0.005952380952380931)",2005-06-14 09:15:00,2005-06-20 15:00:00
100,"(-0.0035714285714285587, 0.01130952380952377, -0.008333333333333304)",2005-06-14 09:15:00,2005-06-22 13:45:00
150,"(-0.0071428571428571175, 0.01130952380952377, -0.00952380952380949)",2005-06-14 09:15:00,2005-06-27 15:00:00
25,"(-0.0024434941967013124, 0.0030543677458765295, -0.00610873549175317)",2005-07-05 15:00:00,2005-07-07 11:30:00
50,"(0.004886988393402625, 0.004886988393402625, -0.00610873549175317)",2005-07-05 15:00:00,2005-07-11 10:00:00
75,"(0.010995723885155684, 0.013439218081856996, -0.00610873549175317)",2005-07-05 15:00:00,2005-07-12 14:45:00
100,"(0.004276114844227186, 0.013439218081856996, -0.00610873549175317)",2005-07-05 15:00:00,2005-07-14 11:30:00
150,"(0.011606597434331123, 0.023213194868662246, -0.00610873549175317)",2005-07-05 15:00:00,2005-07-19 14:45:00
25,"(-0.0024052916416115178, 0.007215874924834553, -0.0036079374624172766)",2005-07-15 11:15:00,2005-07-19 09:30:00
50,"(-0.006013229104028905, 0.007215874924834553, -0.014431749849669218)",2005-07-15 11:15:00,2005-07-20 14:15:00
75,"(-0.0054119061936259705, 0.007215874924834553, -0.014431749849669218)",2005-07-15 11:15:00,2005-07-22 11:00:00
100,"(-0.0030066145520144527, 0.007215874924834553, -0.014431749849669218)",2005-07-15 11:15:00,2005-07-26 09:30:00
150,"(-0.006614552014431729, 0.007215874924834553, -0.014431749849669218)",2005-07-15 11:15:00,2005-07-29 11:00:00
25,"(-0.009552238805970115, 0.0, -0.010746268656716462)",2005-07-18 09:30:00,2005-07-19 14:00:00
50,"(-0.014925373134328401, 0.0, -0.021492537313432813)",2005-07-18 09:30:00,2005-07-21 10:45:00
75,"(-0.006567164179104523, 0.0, -0.021492537313432813)",2005-07-18 09:30:00,2005-07-25 09:15:00
100,"(-0.014328358208955172, 0.0, -0.021492537313432813)",2005-07-18 09:30:00,2005-07-26 14:00:00
150,"(-0.014925373134328401, 0.0, -0.021492537313432813)",2005-07-18 09:30:00,2005-08-01 09:15:00
25,"(-0.004819277108433773, 0.00060240963855418, -0.0066265060240964235)",2005-07-29 09:30:00,2005-08-01 14:00:00
50,"(-0.007831325301204783, 0.00060240963855418, -0.007831325301204783)",2005-07-29 09:30:00,2005-08-03 10:45:00
75,"(-0.005421686746987953, 0.00120481927710836, -0.007831325301204783)",2005-07-29 09:30:00,2005-08-05 09:15:00
100,"(-0.0036144578313253017, 0.00120481927710836, -0.007831325301204783)",2005-07-29 09:30:00,2005-08-08 14:00:00
150,"(-0.001204819277108471, 0.00120481927710836, -0.007831325301204783)",2005-07-29 09:30:00,2005-08-12 09:15:00
25,"(-0.004816375677302864, 0.0, -0.007826610475617057)",2005-08-04 10:15:00,2005-08-05 14:45:00
50,"(-0.005418422636965681, 0.0, -0.007826610475617057)",2005-08-04 10:15:00,2005-08-09 11:30:00
75,"(-0.004214328717639937, 0.0, -0.008428657435279985)",2005-08-04 10:15:00,2005-08-11 10:00:00
100,"(-0.0018061408789885602, 0.0, -0.008428657435279985)",2005-08-04 10:15:00,2005-08-12 14:45:00
150,"(-0.0018061408789885602, 0.006020469596628608, -0.008428657435279985)",2005-08-04 10:15:00,2005-08-18 10:00:00
25,"(-0.004216867469879482, 0.0018072289156625398, -0.0066265060240964235)",2005-08-31 09:45:00,2005-09-01 14:15:00
50,"(-0.0066265060240964235, 0.0018072289156625398, -0.0072289156626506035)",2005-08-31 09:45:00,2005-09-05 11:00:00
75,"(-0.004216867469879482, 0.0018072289156625398, -0.0072289156626506035)",2005-08-31 09:45:00,2005-09-07 09:30:00
100,"(-0.002409638554216831, 0.0018072289156625398, -0.0072289156626506035)",2005-08-31 09:45:00,2005-09-08 14:15:00
150,"(-0.003012048192771122, 0.0018072289156625398, -0.0072289156626506035)",2005-08-31 09:45:00,2005-09-14 09:30:00
25,"(0.001814882032667775, 0.002419842710223774, 0.0)",2005-09-07 09:30:00,2005-09-08 14:00:00
50,"(0.000604960677555999, 0.003024803387779773, -0.001814882032667886)",2005-09-07 09:30:00,2005-09-12 10:45:00
75,"(0.001209921355111998, 0.003024803387779773, -0.001814882032667886)",2005-09-07 09:30:00,2005-09-14 09:15:00
100,"(-0.000604960677555999, 0.003024803387779773, -0.001814882032667886)",2005-09-07 09:30:00,2005-09-15 14:00:00
150,"(-0.003024803387779773, 0.003024803387779773, -0.00423472474289166)",2005-09-07 09:30:00,2005-09-21 09:15:00
25,"(-0.0006038647342995196, 0.0006038647342994086, -0.0018115942028985588)",2005-09-07 10:15:00,2005-09-08 14:45:00
50,"(-0.0024154589371980784, 0.0012077294685990392, -0.0036231884057971175)",2005-09-07 10:15:00,2005-09-12 11:30:00
75,"(-0.0012077294685990392, 0.0012077294685990392, -0.0036231884057971175)",2005-09-07 10:15:00,2005-09-14 10:00:00
100,"(-0.0024154589371980784, 0.0012077294685990392, -0.0036231884057971175)",2005-09-07 10:15:00,2005-09-15 14:45:00
150,"(-0.004830917874396157, 0.0012077294685990392, -0.006038647342995196)",2005-09-07 10:15:00,2005-09-21 10:00:00
25,"(-0.001207000603500319, 0.0, -0.0030175015087507973)",2005-09-12 09:30:00,2005-09-13 14:00:00
50,"(-0.0030175015087507973, 0.0, -0.0030175015087507973)",2005-09-12 09:30:00,2005-09-15 10:45:00
75,"(-0.0060350030175014835, 0.0, -0.006638503319251643)",2005-09-12 09:30:00,2005-09-19 09:15:00
100,"(-0.005431502715751324, 0.0, -0.006638503319251643)",2005-09-12 09:30:00,2005-09-20 14:00:00
150,"(-0.004828002414001165, 0.0, -0.007242003621001802)",2005-09-12 09:30:00,2005-09-26 09:15:00
25,"(-0.0006064281382656134, 0.0006064281382656134, -0.0012128562765312267)",2005-09-19 09:45:00,2005-09-20 14:15:00
50,"(-0.0012128562765312267, 0.0018192844147968401, -0.0024257125530624535)",2005-09-19 09:45:00,2005-09-22 11:00:00
75,"(0.0006064281382656134, 0.004244996967859294, -0.0024257125530624535)",2005-09-19 09:45:00,2005-09-26 09:30:00
100,"(0.006064281382656134, 0.006670709520921747, -0.0024257125530624535)",2005-09-19 09:45:00,2005-09-27 14:15:00
150,"(0.0072771376591873604, 0.009702850212249814, -0.0024257125530624535)",2005-09-19 09:45:00,2005-10-10 09:30:00
25,"(0.02570233114166176, 0.032277346084877534, 0.0)",2005-10-11 09:30:00,2005-10-12 14:00:00
50,"(0.022115959354453096, 0.032277346084877534, 0.0)",2005-10-11 09:30:00,2005-10-14 10:45:00
75,"(0.04662283323371197, 0.0514046622833233, 0.0)",2005-10-11 09:30:00,2005-10-18 09:15:00
100,"(0.03287507471607887, 0.0514046622833233, 0.0)",2005-10-11 09:30:00,2005-10-19 14:00:00
150,"(0.02570233114166176, 0.0514046622833233, 0.0)",2005-10-11 09:30:00,2005-10-25 09:15:00
25,"(0.017793594306049876, 0.02431791221826818, 0.0)",2005-10-11 10:00:00,2005-10-12 14:30:00
50,"(0.01720047449584805, 0.02431791221826818, 0.0)",2005-10-11 10:00:00,2005-10-14 11:15:00
75,"(0.03736654804270456, 0.04329774614472126, 0.0)",2005-10-11 10:00:00,2005-10-18 09:45:00
100,"(0.02431791221826818, 0.04329774614472126, 0.0)",2005-10-11 10:00:00,2005-10-19 14:30:00
150,"(0.017793594306049876, 0.04329774614472126, 0.0)",2005-10-11 10:00:00,2005-10-25 09:45:00
25,"(0.005875440658049458, 0.014688601645123311, -0.009400705052878933)",2005-10-11 10:15:00,2005-10-12 14:45:00
50,"(0.00763807285546414, 0.014688601645123311, -0.009400705052878933)",2005-10-11 10:15:00,2005-10-14 11:30:00
75,"(0.027027027027026973, 0.0334900117508814, -0.009400705052878933)",2005-10-11 10:15:00,2005-10-18 10:00:00
100,"(0.016451233842538215, 0.0334900117508814, -0.009400705052878933)",2005-10-11 10:15:00,2005-10-19 14:45:00
150,"(0.008225616921269108, 0.0334900117508814, -0.009400705052878933)",2005-10-11 10:15:00,2005-10-25 10:00:00
25,"(0.005847953216374213, 0.009941520467836362, -0.01403508771929829)",2005-10-11 11:00:00,2005-10-13 09:15:00
50,"(0.0017543859649122862, 0.009941520467836362, -0.01403508771929829)",2005-10-11 11:00:00,2005-10-14 14:00:00
75,"(0.02163742690058479, 0.028654970760233933, -0.01403508771929829)",2005-10-11 11:00:00,2005-10-18 10:45:00
100,"(0.009356725146198785, 0.028654970760233933, -0.01403508771929829)",2005-10-11 11:00:00,2005-10-20 09:15:00
150,"(0.004093567251461927, 0.028654970760233933, -0.01403508771929829)",2005-10-11 11:00:00,2005-10-25 10:45:00
25,"(-0.004634994206257237, 0.0028968713789108147, -0.004634994206257237)",2005-11-18 10:00:00,2005-11-21 14:30:00
50,"(-0.0011587485515642815, 0.0028968713789108147, -0.004634994206257237)",2005-11-18 10:00:00,2005-11-23 11:15:00
75,"(0.011587485515643037, 0.012166859791425289, -0.005793742757821518)",2005-11-18 10:00:00,2005-11-25 09:45:00
100,"(0.013904982618771822, 0.023174971031286296, -0.005793742757821518)",2005-11-18 10:00:00,2005-11-28 14:30:00
150,"(0.03997682502896871, 0.043453070683661554, -0.005793742757821518)",2005-11-18 10:00:00,2005-12-02 09:45:00
25,"(0.002317497103128563, 0.0034762456546928444, -0.005793742757821518)",2005-11-23 09:30:00,2005-11-24 14:00:00
50,"(0.011587485515643037, 0.023174971031286296, -0.005793742757821518)",2005-11-23 09:30:00,2005-11-28 10:45:00
75,"(0.0191193511008112, 0.028968713789107703, -0.005793742757821518)",2005-11-23 09:30:00,2005-11-30 09:15:00
100,"(0.023174971031286296, 0.028968713789107703, -0.005793742757821518)",2005-11-23 09:30:00,2005-12-01 14:00:00
150,"(0.07589803012746232, 0.0892236384704519, -0.005793742757821518)",2005-11-23 09:30:00,2005-12-07 09:15:00
25,"(0.004022988505747227, 0.014942528735632177, -0.002873563218390829)",2005-11-25 09:15:00,2005-11-28 13:45:00
50,"(0.01379310344827589, 0.020689655172413834, -0.002873563218390829)",2005-11-25 09:15:00,2005-11-30 10:15:00
75,"(0.016666666666666607, 0.020689655172413834, -0.002873563218390829)",2005-11-25 09:15:00,2005-12-01 15:00:00
100,"(0.05862068965517242, 0.060919540229884994, -0.002873563218390829)",2005-11-25 09:15:00,2005-12-05 13:45:00
150,"(0.0798850574712644, 0.08218390804597697, -0.002873563218390829)",2005-11-25 09:15:00,2005-12-08 15:00:00
25,"(0.018619934282584794, 0.02957283680175249, -0.003285870755750264)",2005-12-05 09:30:00,2005-12-06 14:00:00
50,"(0.022453450164293454, 0.02957283680175249, -0.003285870755750264)",2005-12-05 09:30:00,2005-12-08 10:45:00
75,"(0.0657174151150055, 0.06736035049288058, -0.003285870755750264)",2005-12-05 09:30:00,2005-12-12 09:15:00
100,"(0.07831325301204828, 0.08324205914567351, -0.003285870755750264)",2005-12-05 09:30:00,2005-12-13 14:00:00
150,"(0.053121577217962734, 0.08817086527929896, -0.003285870755750264)",2005-12-05 09:30:00,2005-12-19 09:15:00
25,"(0.011819116135662888, 0.016443987667009274, -0.010791366906474864)",2005-12-12 09:30:00,2005-12-13 14:00:00
50,"(-0.016443987667009274, 0.02106885919835566, -0.017985611510791366)",2005-12-12 09:30:00,2005-12-15 10:45:00
75,"(-0.011819116135662888, 0.02106885919835566, -0.0364850976361768)",2005-12-12 09:30:00,2005-12-19 09:15:00
100,"(-0.0174717368961973, 0.02106885919835566, -0.0364850976361768)",2005-12-12 09:30:00,2005-12-20 14:00:00
150,"(0.010277492291880685, 0.02106885919835566, -0.0364850976361768)",2005-12-12 09:30:00,2005-12-26 09:15:00
25,"(-0.022286821705426396, 0.005813953488372103, -0.023255813953488413)",2006-01-17 09:30:00,2006-01-18 14:00:00
50,"(-0.025193798449612448, 0.005813953488372103, -0.03197674418604646)",2006-01-17 09:30:00,2006-01-20 10:45:00
75,"(-0.009689922480620172, 0.005813953488372103, -0.03536821705426352)",2006-01-17 09:30:00,2006-01-24 09:15:00
100,"(-0.0043604651162790775, 0.005813953488372103, -0.03536821705426352)",2006-01-17 09:30:00,2006-01-25 14:00:00
150,"(0.10416666666666674, 0.10562015503875966, -0.03536821705426352)",2006-01-17 09:30:00,2006-02-07 09:15:00
25,"(0.017735334242837686, 0.020918599363346946, -0.015461573442473897)",2006-02-08 09:30:00,2006-02-09 14:00:00
50,"(-0.013187812642109997, 0.031832651205093265, -0.015461573442473897)",2006-02-08 09:30:00,2006-02-13 10:45:00
75,"(-0.027739881764438423, 0.031832651205093265, -0.04502046384720326)",2006-02-08 09:30:00,2006-02-15 09:15:00
100,"(-0.06366530241018642, 0.031832651205093265, -0.06366530241018642)",2006-02-08 09:30:00,2006-02-16 14:00:00
150,"(-0.07139608913142337, 0.031832651205093265, -0.10595725329695316)",2006-02-08 09:30:00,2006-02-22 09:15:00
25,"(-0.031995937023869936, 0.006602336211274817, -0.04062976130015239)",2006-02-24 14:00:00,2006-02-28 10:15:00
50,"(-0.033011681056373754, 0.006602336211274817, -0.04062976130015239)",2006-02-24 14:00:00,2006-03-01 15:00:00
75,"(-0.006094464195022908, 0.006602336211274817, -0.04062976130015239)",2006-02-24 14:00:00,2006-03-03 13:45:00
100,"(-0.017775520568816705, 0.006602336211274817, -0.04062976130015239)",2006-02-24 14:00:00,2006-03-07 10:15:00
150,"(-0.017267648552564796, 0.006602336211274817, -0.04062976130015239)",2006-02-24 14:00:00,2006-03-10 13:45:00
25,"(0.0004972650422674363, 0.006464445549477782, -0.008950770760815518)",2006-03-20 09:15:00,2006-03-21 13:45:00
50,"(-0.007956240676280424, 0.006464445549477782, -0.01044256588761805)",2006-03-20 09:15:00,2006-03-23 10:15:00
75,"(0.010939830929885597, 0.026852312282446444, -0.01044256588761805)",2006-03-20 09:15:00,2006-03-24 15:00:00
100,"(0.014917951268025753, 0.026852312282446444, -0.01044256588761805)",2006-03-20 09:15:00,2006-03-28 13:45:00
150,"(0.011437095972153255, 0.026852312282446444, -0.01044256588761805)",2006-03-20 09:15:00,2006-03-31 15:00:00
25,"(0.0009794319294809117, 0.011263467189030374, -0.004897159647404559)",2006-03-23 14:45:00,2006-03-27 11:15:00
50,"(-0.01518119490695402, 0.011263467189030374, -0.016650342801175277)",2006-03-23 14:45:00,2006-03-29 09:45:00
75,"(-0.007835455435847183, 0.011263467189030374, -0.016650342801175277)",2006-03-23 14:45:00,2006-03-30 14:30:00
100,"(-0.023996082272282115, 0.011263467189030374, -0.03036238981390793)",2006-03-23 14:45:00,2006-04-03 11:15:00
150,"(-0.01762977473065619, 0.011263467189030374, -0.03036238981390793)",2006-03-23 14:45:00,2006-04-06 14:30:00
25,"(-0.004310344827586188, 0.015804597701149392, -0.010536398467432928)",2006-04-17 09:30:00,2006-04-18 14:00:00
50,"(0.02298850574712641, 0.027298850574712707, -0.011494252873563204)",2006-04-17 09:30:00,2006-04-20 10:45:00
75,"(0.0431034482758621, 0.04885057471264376, -0.011494252873563204)",2006-04-17 09:30:00,2006-04-24 09:15:00
100,"(0.03256704980842917, 0.04885057471264376, -0.011494252873563204)",2006-04-17 09:30:00,2006-04-25 14:00:00
150,"(0.05411877394636022, 0.05747126436781613, -0.011494252873563204)",2006-04-17 09:30:00,2006-05-08 09:15:00
25,"(0.025116279069767433, 0.035348837209302264, -0.0046511627906976605)",2006-04-28 14:00:00,2006-05-09 10:15:00
50,"(0.05581395348837215, 0.06511627906976747, -0.0046511627906976605)",2006-04-28 14:00:00,2006-05-10 15:00:00
75,"(0.11674418604651171, 0.15023255813953496, -0.0046511627906976605)",2006-04-28 14:00:00,2006-05-12 13:45:00
100,"(0.08511627906976749, 0.1548837209302325, -0.0046511627906976605)",2006-04-28 14:00:00,2006-05-16 10:15:00
150,"(0.018139534883720998, 0.1548837209302325, -0.0046511627906976605)",2006-04-28 14:00:00,2006-05-19 13:45:00
25,"(0.015280135823429575, 0.04966044142614612, -0.001697792869269965)",2006-05-11 09:30:00,2006-05-12 14:00:00
50,"(-0.009762308998302216, 0.053904923599320975, -0.009762308998302216)",2006-05-11 09:30:00,2006-05-16 10:45:00
75,"(-0.06324278438030562, 0.053904923599320975, -0.06324278438030562)",2006-05-11 09:30:00,2006-05-18 09:15:00
100,"(-0.0683361629881154, 0.053904923599320975, -0.08022071307300505)",2006-05-11 09:30:00,2006-05-19 14:00:00
150,"(-0.0882852292020373, 0.053904923599320975, -0.1082342954159593)",2006-05-11 09:30:00,2006-05-25 09:15:00
25,"(-0.05008143322475567, 0.0016286644951140072, -0.05008143322475567)",2006-05-15 09:30:00,2006-05-16 14:00:00
50,"(-0.10097719869706845, 0.0016286644951140072, -0.1013843648208469)",2006-05-15 09:30:00,2006-05-18 10:45:00
75,"(-0.1445439739413681, 0.0016286644951140072, -0.1445439739413681)",2006-05-15 09:30:00,2006-05-22 09:15:00
100,"(-0.1351791530944625, 0.0016286644951140072, -0.1445439739413681)",2006-05-15 09:30:00,2006-05-23 14:00:00
150,"(-0.10423452768729646, 0.0016286644951140072, -0.1445439739413681)",2006-05-15 09:30:00,2006-05-29 09:15:00
25,"(-0.05277525022747953, 0.0, -0.06642402183803453)",2006-06-07 09:45:00,2006-06-08 14:15:00
50,"(-0.07279344858962689, 0.0, -0.08325750682438582)",2006-06-07 09:45:00,2006-06-12 11:00:00
75,"(-0.11237488626023662, 0.0, -0.1137397634212921)",2006-06-07 09:45:00,2006-06-14 09:30:00
100,"(-0.09144676979071886, 0.0, -0.1137397634212921)",2006-06-07 09:45:00,2006-06-15 14:15:00
150,"(-0.100090991810737, 0.0, -0.12420382165605093)",2006-06-07 09:45:00,2006-06-21 09:30:00
25,"(-0.013048016701461385, 0.0010438413361169019, -0.01565762004175364)",2006-08-07 09:30:00,2006-08-08 14:00:00
50,"(-0.0031315240083507057, 0.0010438413361169019, -0.01565762004175364)",2006-08-07 09:30:00,2006-08-10 10:45:00
75,"(-0.012004175365344483, 0.0010438413361169019, -0.01565762004175364)",2006-08-07 09:30:00,2006-08-14 09:15:00
100,"(-0.02661795407098122, 0.0010438413361169019, -0.029227557411273475)",2006-08-07 09:30:00,2006-08-15 14:00:00
150,"(-0.035490605427975, 0.0010438413361169019, -0.044885177453027114)",2006-08-07 09:30:00,2006-08-21 09:15:00
25,"(0.01751592356687892, 0.02016985138004257, -0.0010615711252653925)",2006-08-28 09:30:00,2006-08-29 14:00:00
50,"(0.0058386411889597145, 0.02016985138004257, -0.0010615711252653925)",2006-08-28 09:30:00,2006-08-31 10:45:00
75,"(0.019108280254777066, 0.02866242038216571, -0.00424628450106157)",2006-08-28 09:30:00,2006-09-04 09:15:00
100,"(0.05307855626326963, 0.05467091295116777, -0.00424628450106157)",2006-08-28 09:30:00,2006-09-05 14:00:00
150,"(0.05467091295116777, 0.13163481953290868, -0.00424628450106157)",2006-08-28 09:30:00,2006-09-11 09:15:00
25,"(-0.010983263598326354, 0.0052301255230124966, -0.012552301255230103)",2006-08-29 09:45:00,2006-08-30 14:15:00
50,"(0.010983263598326465, 0.012029288702928964, -0.01882845188284521)",2006-08-29 09:45:00,2006-09-01 11:00:00
75,"(0.025627615062761455, 0.026673640167363954, -0.01882845188284521)",2006-08-29 09:45:00,2006-09-05 09:30:00
100,"(0.07217573221757312, 0.07217573221757312, -0.01882845188284521)",2006-08-29 09:45:00,2006-09-06 14:15:00
150,"(0.013075313807531463, 0.11506276150627626, -0.01882845188284521)",2006-08-29 09:45:00,2006-09-12 09:30:00
25,"(0.022631578947368336, 0.023684210526315752, -0.002105263157894721)",2006-09-01 09:30:00,2006-09-04 14:00:00
50,"(0.06894736842105265, 0.0742105263157895, -0.002105263157894721)",2006-09-01 09:30:00,2006-09-06 10:45:00
75,"(0.11052631578947358, 0.12210526315789472, -0.002105263157894721)",2006-09-01 09:30:00,2006-09-08 09:15:00
100,"(0.037368421052631495, 0.12210526315789472, -0.002105263157894721)",2006-09-01 09:30:00,2006-09-11 14:00:00
150,"(0.002631578947368318, 0.12210526315789472, -0.007894736842105288)",2006-09-01 09:30:00,2006-09-15 09:15:00
25,"(0.014485256078634157, 0.015519917227108104, -0.0103466114847387)",2006-09-01 11:15:00,2006-09-05 09:30:00
50,"(0.06052767718572172, 0.06052767718572172, -0.0103466114847387)",2006-09-01 11:15:00,2006-09-06 14:15:00
75,"(0.05225038799793058, 0.10294878427315046, -0.0103466114847387)",2006-09-01 11:15:00,2006-09-08 11:00:00
100,"(0.0020693222969476732, 0.10294878427315046, -0.02224521469218832)",2006-09-01 11:15:00,2006-09-12 09:30:00
150,"(-0.005690636316606268, 0.10294878427315046, -0.024831867563372967)",2006-09-01 11:15:00,2006-09-15 11:00:00
25,"(0.0019550342130987275, 0.0058651026392961825, -0.003910068426197455)",2006-12-13 09:45:00,2006-12-14 14:15:00
50,"(0.0024437927663734094, 0.011730205278592365, -0.003910068426197455)",2006-12-13 09:45:00,2006-12-18 11:00:00
75,"(0.0029325513196480912, 0.011730205278592365, -0.003910068426197455)",2006-12-13 09:45:00,2006-12-20 09:30:00
100,"(0.004887585532746819, 0.011730205278592365, -0.003910068426197455)",2006-12-13 09:45:00,2006-12-21 14:15:00
150,"(-0.008308895405669592, 0.011730205278592365, -0.021505376344086002)",2006-12-13 09:45:00,2006-12-27 09:30:00
25,"(0.011669203450025423, 0.0365296803652968, -0.0010147133434804667)",2007-04-09 09:30:00,2007-04-10 14:00:00
50,"(0.005580923389142622, 0.0365296803652968, -0.0015220700152207556)",2007-04-09 09:30:00,2007-04-12 10:45:00
75,"(0.009132420091324311, 0.0365296803652968, -0.0015220700152207556)",2007-04-09 09:30:00,2007-04-16 09:15:00
100,"(0.00963977676306449, 0.0365296803652968, -0.0015220700152207556)",2007-04-09 09:30:00,2007-04-17 14:00:00
150,"(0.027397260273972712, 0.0365296803652968, -0.0015220700152207556)",2007-04-09 09:30:00,2007-04-23 09:15:00
25,"(0.00302571860816947, 0.030257186081694476, -0.004538577912254205)",2007-04-09 11:00:00,2007-04-11 09:15:00
50,"(0.0035300050428643814, 0.030257186081694476, -0.0075642965204235635)",2007-04-09 11:00:00,2007-04-12 14:00:00
75,"(0.0020171457387796465, 0.030257186081694476, -0.0075642965204235635)",2007-04-09 11:00:00,2007-04-16 10:45:00
100,"(0.016641452344931862, 0.030257186081694476, -0.0075642965204235635)",2007-04-09 11:00:00,2007-04-18 09:15:00
150,"(0.017145738779626774, 0.030257186081694476, -0.0075642965204235635)",2007-04-09 11:00:00,2007-04-23 10:45:00
25,"(-0.025653675382338426, 0.007893438579181122, -0.029107054760730167)",2007-04-10 10:00:00,2007-04-11 14:30:00
50,"(-0.021213616181549044, 0.007893438579181122, -0.029107054760730167)",2007-04-10 10:00:00,2007-04-13 11:15:00
75,"(-0.014800197335964493, 0.007893438579181122, -0.029107054760730167)",2007-04-10 10:00:00,2007-04-17 09:45:00
100,"(-0.0024666995559941007, 0.007893438579181122, -0.029107054760730167)",2007-04-10 10:00:00,2007-04-18 14:30:00
150,"(-0.0019733596447952806, 0.007893438579181122, -0.029107054760730167)",2007-04-10 10:00:00,2007-04-24 09:45:00
25,"(-0.010115606936416222, 0.00674373795761074, -0.016377649325626242)",2007-05-08 09:30:00,2007-05-09 14:00:00
50,"(-0.011560693641618491, 0.00674373795761074, -0.019749518304431612)",2007-05-08 09:30:00,2007-05-11 10:45:00
75,"(-0.024566473988439252, 0.00674373795761074, -0.025529865125240803)",2007-05-08 09:30:00,2007-05-15 09:15:00
100,"(-0.029865125240847834, 0.00674373795761074, -0.034200385356454754)",2007-05-08 09:30:00,2007-05-16 14:00:00
150,"(-0.025048169556840083, 0.00674373795761074, -0.048651252408477896)",2007-05-08 09:30:00,2007-05-22 09:15:00
25,"(-0.000508130081300795, 0.0060975609756097615, -0.0060975609756097615)",2007-07-20 14:15:00,2007-07-24 10:45:00
50,"(0.0015243902439023849, 0.007621951219512146, -0.0060975609756097615)",2007-07-20 14:15:00,2007-07-26 09:15:00
75,"(-0.0015243902439023849, 0.007621951219512146, -0.0060975609756097615)",2007-07-20 14:15:00,2007-07-27 14:00:00
100,"(0.0, 0.007621951219512146, -0.0060975609756097615)",2007-07-20 14:15:00,2007-07-31 10:45:00
150,"(-0.0060975609756097615, 0.007621951219512146, -0.011178861788617933)",2007-07-20 14:15:00,2007-08-03 14:00:00
25,"(-0.006176016469377266, 0.0010293360782296368, -0.006176016469377266)",2007-09-04 09:30:00,2007-09-05 14:00:00
50,"(-0.0036026762738033957, 0.0010293360782296368, -0.008234688625836317)",2007-09-04 09:30:00,2007-09-07 10:45:00
75,"(-0.0072053525476067914, 0.0010293360782296368, -0.008234688625836317)",2007-09-04 09:30:00,2007-09-11 09:15:00
100,"(-0.00257334019557387, 0.00257334019557387, -0.030880082346886217)",2007-09-04 09:30:00,2007-09-12 14:00:00
150,"(-0.011322696860525006, 0.00257334019557387, -0.030880082346886217)",2007-09-04 09:30:00,2007-09-18 09:15:00
25,"(0.001556016597510368, 0.004668049792531104, -0.001556016597510368)",2007-09-18 09:45:00,2007-09-19 14:15:00
50,"(0.004668049792531104, 0.007261410788381717, -0.001556016597510368)",2007-09-18 09:45:00,2007-09-21 11:00:00
75,"(0.004668049792531104, 0.007261410788381717, -0.001556016597510368)",2007-09-18 09:45:00,2007-09-25 09:30:00
100,"(0.004149377593360981, 0.007261410788381717, -0.001556016597510368)",2007-09-18 09:45:00,2007-09-26 14:15:00
150,"(-0.001556016597510368, 0.010373443983402453, -0.0036307053941908585)",2007-09-18 09:45:00,2007-10-09 09:30:00
25,"(-0.018372703412073532, 0.0, -0.020472440944881876)",2007-10-22 09:30:00,2007-10-23 14:00:00
50,"(-0.04514435695538055, 0.0, -0.05091863517060369)",2007-10-22 09:30:00,2007-10-25 10:45:00
75,"(-0.0299212598425197, 0.0, -0.05406824146981626)",2007-10-22 09:30:00,2007-10-29 09:15:00
100,"(-0.041469816272965865, 0.0, -0.05406824146981626)",2007-10-22 09:30:00,2007-10-30 14:00:00
150,"(-0.022047244094488216, 0.0, -0.05406824146981626)",2007-10-22 09:30:00,2007-11-05 09:15:00
25,"(0.02487562189054726, 0.03095632946379223, -0.007739082365948002)",2007-12-20 14:00:00,2007-12-24 10:15:00
50,"(0.008844665561083431, 0.03095632946379223, -0.007739082365948002)",2007-12-20 14:00:00,2007-12-25 15:00:00
75,"(0.012161415146489718, 0.03095632946379223, -0.007739082365948002)",2007-12-20 14:00:00,2007-12-27 13:45:00
100,"(0.004422332780541716, 0.03095632946379223, -0.007739082365948002)",2007-12-20 14:00:00,2008-01-02 10:15:00
150,"(0.009397457158651257, 0.03095632946379223, -0.007739082365948002)",2007-12-20 14:00:00,2008-01-07 13:45:00
25,"(0.027670171555063572, 0.03209739900387376, -0.0011068068622025473)",2007-12-21 09:30:00,2007-12-24 14:00:00
50,"(0.010514665190924255, 0.03209739900387376, -0.0011068068622025473)",2007-12-21 09:30:00,2007-12-26 10:45:00
75,"(0.009407858328721597, 0.03209739900387376, -0.0011068068622025473)",2007-12-21 09:30:00,2007-12-28 09:15:00
100,"(0.0027670171555063128, 0.03209739900387376, -0.0011068068622025473)",2007-12-21 09:30:00,2008-01-02 14:00:00
150,"(0.011068068622025473, 0.03209739900387376, -0.0011068068622025473)",2007-12-21 09:30:00,2008-01-08 09:15:00
25,"(-0.0065323897659227415, 0.015242242787153026, -0.007621121393576513)",2007-12-24 09:30:00,2007-12-25 14:00:00
50,"(-0.0027218290691344293, 0.015242242787153026, -0.007621121393576513)",2007-12-24 09:30:00,2007-12-27 10:45:00
75,"(-0.010342950462710943, 0.015242242787153026, -0.013609145345672258)",2007-12-24 09:30:00,2008-01-02 09:15:00
100,"(-0.013609145345672258, 0.015242242787153026, -0.015786608600979912)",2007-12-24 09:30:00,2008-01-03 14:00:00
150,"(0.0027218290691344293, 0.015242242787153026, -0.015786608600979912)",2007-12-24 09:30:00,2008-01-09 09:15:00
25,"(-0.015641855447680708, 0.0059331175836030425, -0.016720604099244918)",2007-12-24 09:45:00,2007-12-25 14:15:00
50,"(-0.012944983818770184, 0.0059331175836030425, -0.016720604099244918)",2007-12-24 09:45:00,2007-12-27 11:00:00
75,"(-0.019956850053937436, 0.0059331175836030425, -0.02265372168284785)",2007-12-24 09:45:00,2008-01-02 09:30:00
100,"(-0.022114347357065856, 0.0059331175836030425, -0.02481121898597627)",2007-12-24 09:45:00,2008-01-03 14:15:00
150,"(-0.008090614886731351, 0.0059331175836030425, -0.02481121898597627)",2007-12-24 09:45:00,2008-01-09 09:30:00
25,"(0.0033057851239668423, 0.0044077134986226785, -0.0038567493112947604)",2008-01-22 09:30:00,2008-01-23 14:00:00
50,"(0.023140495867768562, 0.026446280991735627, -0.0038567493112947604)",2008-01-22 09:30:00,2008-01-25 10:45:00
75,"(0.03746556473829199, 0.04573002754820932, -0.0038567493112947604)",2008-01-22 09:30:00,2008-01-29 09:15:00
100,"(0.06997245179063372, 0.08760330578512399, -0.0038567493112947604)",2008-01-22 09:30:00,2008-01-30 14:00:00
150,"(0.07107438016528933, 0.09090909090909083, -0.0038567493112947604)",2008-01-22 09:30:00,2008-02-05 09:15:00
25,"(0.003781739600215994, 0.006482982171799101, -0.0032414910858995505)",2008-01-24 10:15:00,2008-01-25 14:45:00
50,"(0.025391680172879516, 0.029713668287412176, -0.0032414910858995505)",2008-01-24 10:15:00,2008-01-29 11:30:00
75,"(0.04862236628849281, 0.06645056726094012, -0.0032414910858995505)",2008-01-24 10:15:00,2008-01-31 10:00:00
100,"(0.06104808211777413, 0.06969205834683945, -0.0032414910858995505)",2008-01-24 10:15:00,2008-02-01 14:45:00
150,"(0.06537007023230679, 0.06969205834683945, -0.0032414910858995505)",2008-01-24 10:15:00,2008-02-14 10:00:00
25,"(-0.004591836734693877, 0.0071428571428571175, -0.014285714285714235)",2008-01-30 09:30:00,2008-01-31 14:00:00
50,"(0.0005102040816327147, 0.010204081632652962, -0.014285714285714235)",2008-01-30 09:30:00,2008-02-04 10:45:00
75,"(-0.0056122448979591955, 0.010204081632652962, -0.014285714285714235)",2008-01-30 09:30:00,2008-02-13 09:15:00
100,"(0.0025510204081633514, 0.010204081632652962, -0.030612244897959218)",2008-01-30 09:30:00,2008-02-14 14:00:00
150,"(-0.005867346938775553, 0.010204081632652962, -0.030612244897959218)",2008-01-30 09:30:00,2008-02-20 09:15:00
25,"(0.004624871531346386, 0.016443987667009274, -0.0010277492291880241)",2008-02-14 09:30:00,2008-02-15 14:00:00
50,"(-0.0007708119218911014, 0.016443987667009274, -0.00488180883864342)",2008-02-14 09:30:00,2008-02-19 10:45:00
75,"(-0.001284686536485058, 0.016443987667009274, -0.006166495375128478)",2008-02-14 09:30:00,2008-02-21 09:15:00
100,"(0.021582733812949728, 0.035457348406988665, -0.006166495375128478)",2008-02-14 09:30:00,2008-02-22 14:00:00
150,"(0.03365878725590954, 0.04470709146968144, -0.006166495375128478)",2008-02-14 09:30:00,2008-02-28 09:15:00
25,"(0.017948096046568107, 0.021101139946640757, -0.009459131700218282)",2008-03-04 09:30:00,2008-03-05 14:00:00
50,"(0.03613873393160327, 0.041959738054814455, -0.009459131700218282)",2008-03-04 09:30:00,2008-03-07 10:45:00
75,"(-0.005821004123211293, 0.041959738054814455, -0.010429299054086849)",2008-03-04 09:30:00,2008-03-11 09:15:00
100,"(-0.03953431967014309, 0.041959738054814455, -0.04632549114722284)",2008-03-04 09:30:00,2008-03-12 14:00:00
150,"(-0.05942275042444822, 0.041959738054814455, -0.06766917293233088)",2008-03-04 09:30:00,2008-03-18 09:15:00
25,"(0.0018372703412072866, 0.006561679790026309, -0.01364829396325462)",2008-04-22 15:00:00,2008-04-24 11:30:00
50,"(-0.00971128608923888, 0.006561679790026309, -0.015485564304461907)",2008-04-22 15:00:00,2008-04-28 10:00:00
75,"(-0.006824146981627255, 0.006561679790026309, -0.015485564304461907)",2008-04-22 15:00:00,2008-04-29 14:45:00
100,"(-0.01128608923884511, 0.006561679790026309, -0.017585301837270362)",2008-04-22 15:00:00,2008-05-05 11:30:00
150,"(-0.007086614173228312, 0.006561679790026309, -0.017585301837270362)",2008-04-22 15:00:00,2008-05-08 14:45:00
25,"(-0.004431699687174162, 0.013816475495307623, -0.006256517205422307)",2008-05-16 14:00:00,2008-05-20 10:15:00
50,"(-0.020594369134515067, 0.013816475495307623, -0.0221584984358707)",2008-05-16 14:00:00,2008-05-21 15:00:00
75,"(-0.0057351407716371705, 0.013816475495307623, -0.0221584984358707)",2008-05-16 14:00:00,2008-05-23 13:45:00
100,"(0.0007820646506777607, 0.013816475495307623, -0.0221584984358707)",2008-05-16 14:00:00,2008-05-27 10:15:00
150,"(-0.014859228362878008, 0.013816475495307623, -0.0258081334723671)",2008-05-16 14:00:00,2008-05-30 13:45:00
25,"(0.005490196078431264, 0.012549019607843048, -0.01254901960784316)",2008-05-23 10:45:00,2008-05-26 15:00:00
50,"(-0.0013071895424836555, 0.012549019607843048, -0.01254901960784316)",2008-05-23 10:45:00,2008-05-28 13:45:00
75,"(-0.015686274509803977, 0.012549019607843048, -0.023006535947712403)",2008-05-23 10:45:00,2008-05-30 10:15:00
100,"(-0.018300653594771288, 0.012549019607843048, -0.023006535947712403)",2008-05-23 10:45:00,2008-06-02 15:00:00
150,"(-0.013856209150326815, 0.012549019607843048, -0.02431372549019606)",2008-05-23 10:45:00,2008-06-06 10:15:00
25,"(0.012983640612827863, 0.02492858997662939, -0.0005193456245131678)",2008-07-02 09:30:00,2008-07-03 14:00:00
50,"(0.002856400934822201, 0.02492858997662939, -0.0005193456245131678)",2008-07-02 09:30:00,2008-07-07 10:45:00
75,"(0.011425603739288581, 0.034536484030122105, -0.0005193456245131678)",2008-07-02 09:30:00,2008-07-09 09:15:00
100,"(0.016099714359906425, 0.034536484030122105, -0.0005193456245131678)",2008-07-02 09:30:00,2008-07-10 14:00:00
150,"(0.005193456245131234, 0.034536484030122105, -0.0005193456245131678)",2008-07-02 09:30:00,2008-07-16 09:15:00
25,"(0.0037735849056603765, 0.008301886792452917, -0.011698113207547212)",2008-11-21 14:00:00,2008-11-25 10:15:00
50,"(-0.0022641509433962703, 0.008301886792452917, -0.011698113207547212)",2008-11-21 14:00:00,2008-11-26 15:00:00
75,"(-0.044905660377358436, 0.008301886792452917, -0.04641509433962265)",2008-11-21 14:00:00,2008-11-28 13:45:00
100,"(-0.07509433962264156, 0.008301886792452917, -0.0811320754716981)",2008-11-21 14:00:00,2008-12-02 10:15:00
150,"(-0.20150943396226417, 0.008301886792452917, -0.20150943396226417)",2008-11-21 14:00:00,2008-12-05 13:45:00
25,"(0.02785265049415986, 0.030098831985624352, -0.006738544474393482)",2008-12-24 09:30:00,2008-12-25 14:00:00
50,"(-0.0062893081761006275, 0.030098831985624352, -0.0121293800539084)",2008-12-24 09:30:00,2008-12-29 10:45:00
75,"(0.017070979335130243, 0.030098831985624352, -0.0121293800539084)",2008-12-24 09:30:00,2008-12-31 09:15:00
100,"(0.07097933513027854, 0.08176100628930816, -0.0121293800539084)",2008-12-24 09:30:00,2009-01-05 14:00:00
150,"(0.06693620844564241, 0.13477088948787053, -0.0121293800539084)",2008-12-24 09:30:00,2009-01-09 09:15:00
25,"(0.007167106752169028, 0.009430403621274897, -0.0003772161448509781)",2009-06-23 09:30:00,2009-06-24 14:00:00
50,"(0.013956997359487078, 0.01772915880799708, -0.0003772161448509781)",2009-06-23 09:30:00,2009-06-26 10:45:00
75,"(0.01546586193889099, 0.020746887966804906, -0.0003772161448509781)",2009-06-23 09:30:00,2009-06-30 09:15:00
100,"(0.012448132780082943, 0.020746887966804906, -0.0003772161448509781)",2009-06-23 09:30:00,2009-07-01 14:00:00
150,"(0.015843078083741968, 0.03319502074688807, -0.0003772161448509781)",2009-06-23 09:30:00,2009-07-07 09:15:00
25,"(-0.00554528650646946, 0.012569316081330939, -0.008502772643253276)",2009-07-03 10:00:00,2009-07-06 14:30:00
50,"(-0.009242144177449174, 0.012569316081330939, -0.01182994454713493)",2009-07-03 10:00:00,2009-07-08 11:15:00
75,"(-0.010351201478743022, 0.012569316081330939, -0.015157116451016583)",2009-07-03 10:00:00,2009-07-10 09:45:00
100,"(-0.014417744916820685, 0.012569316081330939, -0.015526802218114644)",2009-07-03 10:00:00,2009-07-13 14:30:00
150,"(0.005175600739371511, 0.012569316081330939, -0.0181146025878004)",2009-07-03 10:00:00,2009-07-17 09:45:00
25,"(-0.013215859030836996, 0.005506607929515406, -0.01541850220264318)",2009-07-03 10:15:00,2009-07-06 14:45:00
50,"(-0.016519823788546217, 0.005506607929515406, -0.018722466960352402)",2009-07-03 10:15:00,2009-07-08 11:30:00
75,"(-0.01725403817914828, 0.005506607929515406, -0.022026431718061623)",2009-07-03 10:15:00,2009-07-10 10:00:00
100,"(-0.02239353891336271, 0.005506607929515406, -0.02239353891336271)",2009-07-03 10:15:00,2009-07-13 14:45:00
150,"(-0.0018355359765050983, 0.005506607929515406, -0.02496328928046987)",2009-07-03 10:15:00,2009-07-17 10:00:00
25,"(0.04448398576512447, 0.05053380782918149, -0.000711743772242035)",2009-07-24 09:30:00,2009-07-27 14:00:00
50,"(0.03985765124555152, 0.06192170818505338, -0.000711743772242035)",2009-07-24 09:30:00,2009-07-29 10:45:00
75,"(0.06975088967971521, 0.07900355871886111, -0.000711743772242035)",2009-07-24 09:30:00,2009-07-31 09:15:00
100,"(0.0772241992882563, 0.09537366548042714, -0.000711743772242035)",2009-07-24 09:30:00,2009-08-03 14:00:00
150,"(0.08362989323843406, 0.0996441281138789, -0.000711743772242035)",2009-07-24 09:30:00,2009-08-07 09:15:00
25,"(0.033802816901408406, 0.03943661971830981, -0.011267605633802802)",2009-07-24 09:45:00,2009-07-27 14:15:00
50,"(0.02359154929577456, 0.05070422535211261, -0.011267605633802802)",2009-07-24 09:45:00,2009-07-29 11:00:00
75,"(0.05598591549295784, 0.06760563380281681, -0.011267605633802802)",2009-07-24 09:45:00,2009-07-31 09:30:00
100,"(0.06373239436619715, 0.08380281690140845, -0.011267605633802802)",2009-07-24 09:45:00,2009-08-03 14:15:00
150,"(0.0707746478873239, 0.0880281690140845, -0.011267605633802802)",2009-07-24 09:45:00,2009-08-07 09:30:00
25,"(-0.0027164685908319663, 0.013242784380305572, -0.006791171477079749)",2009-07-27 11:00:00,2009-07-29 09:15:00
50,"(-0.00339558573853993, 0.013242784380305572, -0.04516129032258065)",2009-07-27 11:00:00,2009-07-30 14:00:00
75,"(0.016298811544991576, 0.04516129032258065, -0.04516129032258065)",2009-07-27 11:00:00,2009-08-03 10:45:00
100,"(0.03259762308998293, 0.04516129032258065, -0.04516129032258065)",2009-07-27 11:00:00,2009-08-05 09:15:00
150,"(0.03531409168081501, 0.04923599320882843, -0.04516129032258065)",2009-07-27 11:00:00,2009-08-10 10:45:00
25,"(-0.011197828299966073, 0.004071937563624006, -0.015269765863590079)",2009-09-25 09:30:00,2009-09-28 14:00:00
50,"(0.004411265693926136, 0.0078045469969461045, -0.015269765863590079)",2009-09-25 09:30:00,2009-09-30 10:45:00
75,"(0.009840515778757997, 0.031218187987784196, -0.015269765863590079)",2009-09-25 09:30:00,2009-10-12 09:15:00
100,"(0.012215812690872019, 0.031218187987784196, -0.015269765863590079)",2009-09-25 09:30:00,2009-10-13 14:00:00
150,"(0.013573125212080095, 0.031218187987784196, -0.015269765863590079)",2009-09-25 09:30:00,2009-10-19 09:15:00
25,"(-0.000987166831194486, 0.008555445870352063, -0.0046067785455742305)",2009-10-26 09:30:00,2009-10-27 14:00:00
50,"(-0.0049358341559723184, 0.023692003948667217, -0.009542612701546549)",2009-10-26 09:30:00,2009-10-29 10:45:00
75,"(-0.0039486673247778326, 0.023692003948667217, -0.009542612701546549)",2009-10-26 09:30:00,2009-11-02 09:15:00
100,"(-0.000987166831194486, 0.023692003948667217, -0.009542612701546549)",2009-10-26 09:30:00,2009-11-03 14:00:00
150,"(0.0, 0.023692003948667217, -0.009542612701546549)",2009-10-26 09:30:00,2009-11-09 09:15:00
25,"(-0.02207075624797139, 0.009737098344693385, -0.023044466082440818)",2009-10-28 09:30:00,2009-10-29 14:00:00
50,"(-0.014930217461863071, 0.009737098344693385, -0.023044466082440818)",2009-10-28 09:30:00,2009-11-02 10:45:00
75,"(-0.012982797792924328, 0.009737098344693385, -0.023044466082440818)",2009-10-28 09:30:00,2009-11-04 09:15:00
100,"(-0.013956507627393755, 0.009737098344693385, -0.023044466082440818)",2009-10-28 09:30:00,2009-11-05 14:00:00
150,"(-0.017526777020447915, 0.009737098344693385, -0.023044466082440818)",2009-10-28 09:30:00,2009-11-11 09:15:00
25,"(0.008817766165904573, 0.017635532331809367, -0.0029392553886349315)",2009-11-16 09:30:00,2009-11-17 14:00:00
50,"(0.009797517962116364, 0.017635532331809367, -0.0029392553886349315)",2009-11-16 09:30:00,2009-11-19 10:45:00
75,"(0.0248203788373611, 0.028739386022207603, -0.0029392553886349315)",2009-11-16 09:30:00,2009-11-23 09:15:00
100,"(0.01992161985630303, 0.03657740039190083, -0.0029392553886349315)",2009-11-16 09:30:00,2009-11-24 14:00:00
150,"(0.014043109079033389, 0.03657740039190083, -0.0029392553886349315)",2009-11-16 09:30:00,2009-11-30 09:15:00
25,"(0.015108593012275628, 0.027069562480327436, -0.0037771482530689626)",2009-12-07 14:00:00,2009-12-09 10:15:00
50,"(0.02171860245514634, 0.027069562480327436, -0.0037771482530689626)",2009-12-07 14:00:00,2009-12-10 15:00:00
75,"(0.04028958136606864, 0.0450110166824047, -0.0037771482530689626)",2009-12-07 14:00:00,2009-12-14 13:45:00
100,"(0.03903053194837902, 0.04689959080893935, -0.0037771482530689626)",2009-12-07 14:00:00,2009-12-16 10:15:00
150,"(0.023607176581680767, 0.04689959080893935, -0.0037771482530689626)",2009-12-07 14:00:00,2009-12-21 13:45:00
25,"(0.022294887039238986, 0.024375743162901253, -0.003864447086801448)",2009-12-28 14:45:00,2009-12-30 11:15:00
50,"(0.030321046373364968, 0.03745541022592147, -0.003864447086801448)",2009-12-28 14:45:00,2010-01-04 09:45:00
75,"(0.04131985731272292, 0.043400713436385185, -0.003864447086801448)",2009-12-28 14:45:00,2010-01-05 14:30:00
100,"(0.054399524375743136, 0.11087990487514854, -0.003864447086801448)",2009-12-28 14:45:00,2010-01-07 11:15:00
150,"(0.078180737217598, 0.11087990487514854, -0.003864447086801448)",2009-12-28 14:45:00,2010-01-12 14:30:00
25,"(0.012658227848101333, 0.014424492198999106, -0.006770680011775054)",2009-12-29 09:30:00,2009-12-30 14:00:00
50,"(0.020312040035325385, 0.027377097438916698, -0.006770680011775054)",2009-12-29 09:30:00,2010-01-04 10:45:00
75,"(0.04474536355607883, 0.048866647041507116, -0.006770680011775054)",2009-12-29 09:30:00,2010-01-06 09:15:00
100,"(0.05092728878422137, 0.10008831321754497, -0.006770680011775054)",2009-12-29 09:30:00,2010-01-07 14:00:00
150,"(0.022667059169855674, 0.10008831321754497, -0.006770680011775054)",2009-12-29 09:30:00,2010-01-13 09:15:00
25,"(0.00591715976331364, 0.05297266835728376, -0.03071287686672297)",2010-01-06 09:30:00,2010-01-07 14:00:00
50,"(0.013806706114398493, 0.05297266835728376, -0.03071287686672297)",2010-01-06 09:30:00,2010-01-11 10:45:00
75,"(-0.021132713440405793, 0.05297266835728376, -0.03071287686672297)",2010-01-06 09:30:00,2010-01-13 09:15:00
100,"(-0.0070442378134686345, 0.05297266835728376, -0.03071287686672297)",2010-01-06 09:30:00,2010-01-14 14:00:00
150,"(-0.006480698788391082, 0.05297266835728376, -0.03071287686672297)",2010-01-06 09:30:00,2010-01-20 09:15:00
25,"(-0.029080932784636526, 0.025240054869684503, -0.056241426611796985)",2010-01-06 14:00:00,2010-01-08 10:15:00
50,"(0.0019204389574760672, 0.025240054869684503, -0.056241426611796985)",2010-01-06 14:00:00,2010-01-11 15:00:00
75,"(-0.03868312757201642, 0.025240054869684503, -0.056241426611796985)",2010-01-06 14:00:00,2010-01-13 13:45:00
100,"(-0.02578875171467765, 0.025240054869684503, -0.056241426611796985)",2010-01-06 14:00:00,2010-01-15 10:15:00
150,"(-0.043347050754458216, 0.025240054869684503, -0.056241426611796985)",2010-01-06 14:00:00,2010-01-20 13:45:00
25,"(-0.010053222945002993, 0.0014784151389710676, -0.013601419278533422)",2010-03-19 14:00:00,2010-03-23 10:15:00
50,"(-0.022767593140153752, 0.0014784151389710676, -0.02631578947368418)",2010-03-19 14:00:00,2010-03-24 15:00:00
75,"(-0.020402128917800133, 0.0014784151389710676, -0.03489059727971611)",2010-03-19 14:00:00,2010-03-26 13:45:00
100,"(-0.014488468361915974, 0.0014784151389710676, -0.03489059727971611)",2010-03-19 14:00:00,2010-03-30 10:15:00
150,"(-0.014784151389710232, 0.0014784151389710676, -0.03489059727971611)",2010-03-19 14:00:00,2010-04-02 13:45:00
25,"(0.01569858712715866, 0.02009419152276304, -0.00219780219780219)",2010-04-28 09:30:00,2010-04-29 14:00:00
50,"(0.010361067503924737, 0.02072213500784925, -0.00219780219780219)",2010-04-28 09:30:00,2010-05-04 10:45:00
75,"(0.00031397174254310656, 0.02072213500784925, -0.01098901098901095)",2010-04-28 09:30:00,2010-05-06 09:15:00
100,"(-0.022605965463108335, 0.02072213500784925, -0.03076923076923077)",2010-04-28 09:30:00,2010-05-07 14:00:00
150,"(-0.01632653061224487, 0.02072213500784925, -0.03076923076923077)",2010-04-28 09:30:00,2010-05-13 09:15:00
25,"(-0.009702457956015542, 0.001293661060802087, -0.01326002587322117)",2010-05-28 09:30:00,2010-05-31 14:00:00
50,"(-0.019728331177231606, 0.001293661060802087, -0.02231565329883567)",2010-05-28 09:30:00,2010-06-02 10:45:00
75,"(-0.04075032341526519, 0.001293661060802087, -0.05045278137128073)",2010-05-28 09:30:00,2010-06-04 09:15:00
100,"(-0.1015523932729625, 0.001293661060802087, -0.1015523932729625)",2010-05-28 09:30:00,2010-06-07 14:00:00
150,"(-0.053040103492884905, 0.001293661060802087, -0.1015523932729625)",2010-05-28 09:30:00,2010-06-11 09:15:00
25,"(0.0006839945280436854, 0.00547195622435015, -0.010259917920656614)",2010-06-10 09:15:00,2010-06-11 13:45:00
50,"(-0.0044459644322845104, 0.017099863201094356, -0.010259917920656614)",2010-06-10 09:15:00,2010-06-18 10:15:00
75,"(0.02633378932968533, 0.040013679890560816, -0.010259917920656614)",2010-06-10 09:15:00,2010-06-21 15:00:00
100,"(0.011285909712722253, 0.040013679890560816, -0.010259917920656614)",2010-06-10 09:15:00,2010-06-23 13:45:00
150,"(0.020177838577291274, 0.040013679890560816, -0.010259917920656614)",2010-06-10 09:15:00,2010-06-28 15:00:00
25,"(-0.002599090318388564, 0.003898635477582957, -0.007147498375568606)",2010-07-26 14:00:00,2010-07-28 10:15:00
50,"(-0.0003248862897985427, 0.007797270955165692, -0.007147498375568606)",2010-07-26 14:00:00,2010-07-29 15:00:00
75,"(0.014619883040935644, 0.016894087069525776, -0.007147498375568606)",2010-07-26 14:00:00,2010-08-02 13:45:00
100,"(0.018193632228719947, 0.029889538661468595, -0.007147498375568606)",2010-07-26 14:00:00,2010-08-04 10:15:00
150,"(0.02274204028589999, 0.029889538661468595, -0.007147498375568606)",2010-07-26 14:00:00,2010-08-09 13:45:00
25,"(0.003951367781155124, 0.00820668693009119, -0.003039513677811523)",2010-10-11 09:30:00,2010-10-12 14:00:00
50,"(0.008814589665653516, 0.013677811550151908, -0.003039513677811523)",2010-10-11 09:30:00,2010-10-14 10:45:00
75,"(0.0027355623100304705, 0.013677811550151908, -0.007902735562310026)",2010-10-11 09:30:00,2010-10-18 09:15:00
100,"(0.001519756838905817, 0.013677811550151908, -0.007902735562310026)",2010-10-11 09:30:00,2010-10-19 14:00:00
150,"(0.013373860182370745, 0.018541033434650522, -0.0194528875379939)",2010-10-11 09:30:00,2010-10-25 09:15:00
25,"(-0.007273785277858602, 0.007273785277858602, -0.012510910677916764)",2010-11-05 09:30:00,2010-11-08 14:00:00
50,"(0.00931044515565893, 0.00960139656677339, -0.01338376491125981)",2010-11-05 09:30:00,2010-11-10 10:45:00
75,"(-0.020075647366889715, 0.012510910677916875, -0.029677043933663105)",2010-11-05 09:30:00,2010-11-12 09:15:00
100,"(-0.02909514111143441, 0.012510910677916875, -0.046843177189409335)",2010-11-05 09:30:00,2010-11-15 14:00:00
150,"(-0.04247890602269422, 0.012510910677916875, -0.07244690136747167)",2010-11-05 09:30:00,2010-11-19 09:15:00
25,"(-0.0026478375992938785, 0.010002942041777096, -0.004118858487790478)",2011-01-06 09:45:00,2011-01-07 14:15:00
50,"(-0.009708737864077666, 0.010002942041777096, -0.0379523389232127)",2011-01-06 09:45:00,2011-01-11 11:00:00
75,"(0.0029420417769931984, 0.010002942041777096, -0.0379523389232127)",2011-01-06 09:45:00,2011-01-13 09:30:00
100,"(-0.002059429243895239, 0.010002942041777096, -0.0379523389232127)",2011-01-06 09:45:00,2011-01-14 14:15:00
150,"(-0.010002942041776985, 0.010002942041777096, -0.0379523389232127)",2011-01-06 09:45:00,2011-01-20 09:30:00
25,"(0.0058616647127784915, 0.008206330597889888, -0.0029308323563892458)",2011-02-10 09:30:00,2011-02-11 14:00:00
50,"(0.0017584994138335475, 0.008206330597889888, -0.0029308323563892458)",2011-02-10 09:30:00,2011-02-15 10:45:00
75,"(0.002051582649472472, 0.008206330597889888, -0.00644783118405623)",2011-02-10 09:30:00,2011-02-17 09:15:00
100,"(-0.0023446658851113966, 0.008206330597889888, -0.00644783118405623)",2011-02-10 09:30:00,2011-02-18 14:00:00
150,"(0.0005861664712778492, 0.02198124267291912, -0.00644783118405623)",2011-02-10 09:30:00,2011-02-24 09:15:00
25,"(-0.0032210834553441092, 0.005563689604685118, -0.0035139092240117353)",2011-02-16 09:30:00,2011-02-17 14:00:00
50,"(0.014641288433382194, 0.016983894582723202, -0.0067349926793557335)",2011-02-16 09:30:00,2011-02-21 10:45:00
75,"(-0.0014641288433382416, 0.02108345534407019, -0.0067349926793557335)",2011-02-16 09:30:00,2011-02-23 09:15:00
100,"(-0.007027818448023471, 0.02108345534407019, -0.009077598828696964)",2011-02-16 09:30:00,2011-02-24 14:00:00
150,"(-0.004392386530014614, 0.02108345534407019, -0.009077598828696964)",2011-02-16 09:30:00,2011-03-02 09:15:00
25,"(0.004982415005861718, 0.011430246189917836, -0.0005861664712778492)",2011-06-07 10:45:00,2011-06-08 15:00:00
50,"(0.004396248534583869, 0.012016412661195686, -0.0005861664712778492)",2011-06-07 10:45:00,2011-06-10 13:45:00
75,"(0.0011723329425556983, 0.012016412661195686, -0.0011723329425556983)",2011-06-07 10:45:00,2011-06-14 10:15:00
100,"(0.0008792497069167737, 0.012016412661195686, -0.0011723329425556983)",2011-06-07 10:45:00,2011-06-15 15:00:00
150,"(-0.004689331770222793, 0.012016412661195686, -0.010844079718640098)",2011-06-07 10:45:00,2011-06-21 10:15:00
25,"(0.00029129041654529786, 0.0052432274978153615, -0.006699679580541851)",2011-06-07 11:00:00,2011-06-09 09:15:00
50,"(-0.0026216137489076807, 0.005825808330905957, -0.006699679580541851)",2011-06-07 11:00:00,2011-06-10 14:00:00
75,"(-0.004369356248179468, 0.005825808330905957, -0.0072822604136324465)",2011-06-07 11:00:00,2011-06-14 10:45:00
100,"(-0.006990969997087149, 0.005825808330905957, -0.009030002912904123)",2011-06-07 11:00:00,2011-06-16 09:15:00
150,"(-0.012234197494902399, 0.005825808330905957, -0.016894844159627165)",2011-06-07 11:00:00,2011-06-21 10:45:00
25,"(0.0029420417769931984, 0.003824654310091269, -0.002059429243895239)",2011-06-23 09:30:00,2011-06-24 14:00:00
50,"(0.004118858487790478, 0.005001471020888548, -0.002059429243895239)",2011-06-23 09:30:00,2011-06-28 10:45:00
75,"(0.007355104442483107, 0.009120329508679026, -0.002059429243895239)",2011-06-23 09:30:00,2011-06-30 09:15:00
100,"(0.012944983818770295, 0.013827596351868143, -0.002059429243895239)",2011-06-23 09:30:00,2011-07-01 14:00:00
150,"(0.02265372168284796, 0.027360988526037078, -0.002059429243895239)",2011-06-23 09:30:00,2011-07-07 09:15:00
25,"(-0.0008645533141210526, 0.0031700288184437486, -0.006340057636887608)",2011-07-01 14:30:00,2011-07-05 11:00:00
50,"(0.0017291066282421053, 0.006340057636887497, -0.006340057636887608)",2011-07-01 14:30:00,2011-07-07 09:30:00
75,"(0.0034582132564842105, 0.009798270893371708, -0.006340057636887608)",2011-07-01 14:30:00,2011-07-08 14:15:00
100,"(-0.004899135446685854, 0.009798270893371708, -0.00691642651296831)",2011-07-01 14:30:00,2011-07-12 11:00:00
150,"(0.008645533141210304, 0.014697406340057562, -0.00691642651296831)",2011-07-01 14:30:00,2011-07-15 14:15:00
25,"(0.003978402955385096, 0.008525149190110826, -0.006535947712418277)",2011-07-15 11:15:00,2011-07-19 09:30:00
50,"(0.0017050298380221207, 0.010514350667803374, -0.006535947712418277)",2011-07-15 11:15:00,2011-07-20 14:15:00
75,"(0.00028417163967042747, 0.010514350667803374, -0.006535947712418277)",2011-07-15 11:15:00,2011-07-22 11:00:00
100,"(0.00539926115373679, 0.010514350667803374, -0.006535947712418277)",2011-07-15 11:15:00,2011-07-26 09:30:00
150,"(0.03779482807615797, 0.05541346973572048, -0.006535947712418277)",2011-07-15 11:15:00,2011-07-29 11:00:00
25,"(0.0015460729746443747, 0.007730364873222095, -0.0012368583797155441)",2011-11-02 09:30:00,2011-11-03 14:00:00
50,"(0.00927643784786647, 0.013605442176870763, -0.0021645021645021467)",2011-11-02 09:30:00,2011-11-07 10:45:00
75,"(0.007421150278293043, 0.013605442176870763, -0.0021645021645021467)",2011-11-02 09:30:00,2011-11-09 09:15:00
100,"(-0.008039579468150926, 0.013605442176870763, -0.012987012987012991)",2011-11-02 09:30:00,2011-11-10 14:00:00
150,"(0.002782931354359919, 0.013605442176870763, -0.023500309214594894)",2011-11-02 09:30:00,2011-11-16 09:15:00
25,"(0.0022040302267003486, 0.0028337531486146705, -0.0025188916876573986)",2011-12-27 09:30:00,2011-12-28 14:00:00
50,"(-0.00031486146095716094, 0.007556675062972307, -0.006926952141057985)",2011-12-27 09:30:00,2011-12-30 10:45:00
75,"(0.004722921914357636, 0.00881612090680095, -0.006926952141057985)",2011-12-27 09:30:00,2012-01-05 09:15:00
100,"(0.0025188916876575096, 0.00881612090680095, -0.006926952141057985)",2011-12-27 09:30:00,2012-01-06 14:00:00
150,"(0.021095717884130893, 0.025188916876574208, -0.006926952141057985)",2011-12-27 09:30:00,2012-01-12 09:15:00
25,"(0.0012307692307691465, 0.007076923076922981, -0.0006153846153845732)",2012-05-02 09:30:00,2012-05-03 14:00:00
50,"(0.0009230769230770264, 0.007076923076922981, -0.0006153846153845732)",2012-05-02 09:30:00,2012-05-07 10:45:00
75,"(-0.004615384615384577, 0.007076923076922981, -0.004923076923076919)",2012-05-02 09:30:00,2012-05-09 09:15:00
100,"(-0.006153846153846176, 0.007076923076922981, -0.008000000000000007)",2012-05-02 09:30:00,2012-05-10 14:00:00
150,"(-0.016000000000000014, 0.007076923076922981, -0.02030769230769236)",2012-05-02 09:30:00,2012-05-16 09:15:00
25,"(-0.0003061849357011148, 0.002143294549908248, -0.004286589099816274)",2012-05-03 09:30:00,2012-05-04 14:00:00
50,"(-0.004286589099816274, 0.002143294549908248, -0.005511328842620955)",2012-05-03 09:30:00,2012-05-08 10:45:00
75,"(-0.012247397428046591, 0.002143294549908248, -0.012553582363747706)",2012-05-03 09:30:00,2012-05-10 09:15:00
100,"(-0.015615431720759299, 0.002143294549908248, -0.01745254133496632)",2012-05-03 09:30:00,2012-05-11 14:00:00
150,"(-0.02082057562767914, 0.002143294549908248, -0.026331904470300094)",2012-05-03 09:30:00,2012-05-17 09:15:00
25,"(0.0006373486297004405, 0.004142766093052863, -0.004142766093052863)",2012-09-26 09:30:00,2012-09-27 14:00:00
50,"(-0.001274697259400881, 0.006054811982154185, -0.004142766093052863)",2012-09-26 09:30:00,2012-10-08 10:45:00
75,"(-0.007329509241555177, 0.006054811982154185, -0.0108349267049076)",2012-09-26 09:30:00,2012-10-10 09:15:00
100,"(-0.010197578075207159, 0.006054811982154185, -0.01274697259400892)",2012-09-26 09:30:00,2012-10-11 14:00:00
150,"(-0.016252390057361343, 0.006054811982154185, -0.017845761631612445)",2012-09-26 09:30:00,2012-10-17 09:15:00
25,"(-0.009099772505687387, 0.0009749756256094422, -0.009749756256093645)",2012-10-29 09:30:00,2012-10-30 14:00:00
50,"(-0.008449788755281129, 0.0009749756256094422, -0.009749756256093645)",2012-10-29 09:30:00,2012-11-01 10:45:00
75,"(-0.004224894377640509, 0.0009749756256094422, -0.009749756256093645)",2012-10-29 09:30:00,2012-11-05 09:15:00
100,"(-0.0055248618784530246, 0.0009749756256094422, -0.009749756256093645)",2012-10-29 09:30:00,2012-11-06 14:00:00
150,"(-0.011699707507312307, 0.0009749756256094422, -0.012999675008124822)",2012-10-29 09:30:00,2012-11-12 09:15:00
25,"(-0.0022705157314304447, 0.0003243593902042541, -0.003243593902043429)",2012-11-15 14:00:00,2012-11-19 10:15:00
50,"(-0.006811547194291223, 0.0003243593902042541, -0.009082062925721668)",2012-11-15 14:00:00,2012-11-20 15:00:00
75,"(-0.011028219266947747, 0.0003243593902042541, -0.011352578657152113)",2012-11-15 14:00:00,2012-11-22 13:45:00
100,"(-0.008433344145313049, 0.0003243593902042541, -0.011352578657152113)",2012-11-15 14:00:00,2012-11-26 10:15:00
150,"(-0.0048653908530651435, 0.0003243593902042541, -0.011352578657152113)",2012-11-15 14:00:00,2012-11-29 13:45:00
25,"(0.0036101083032491488, 0.006235641614702914, -0.0009845749917951618)",2012-12-21 09:30:00,2012-12-24 14:00:00
50,"(0.004594683295044311, 0.006235641614702914, -0.0009845749917951618)",2012-12-21 09:30:00,2012-12-26 10:45:00
75,"(0.006563833278634634, 0.00853298326222518, -0.0009845749917951618)",2012-12-21 09:30:00,2012-12-28 09:15:00
100,"(0.00820479159829346, 0.00853298326222518, -0.0009845749917951618)",2012-12-21 09:30:00,2012-12-31 14:00:00
150,"(0.0013127666557268824, 0.012143091565474329, -0.0009845749917951618)",2012-12-21 09:30:00,2013-01-09 09:15:00
25,"(-0.0016313213703099683, 0.00032626427406201586, -0.004241435562805873)",2012-12-24 09:30:00,2012-12-25 14:00:00
50,"(0.0009787928221860476, 0.002610114192495905, -0.004241435562805873)",2012-12-24 09:30:00,2012-12-27 10:45:00
75,"(-0.0006525285481240317, 0.002610114192495905, -0.004241435562805873)",2012-12-24 09:30:00,2012-12-31 09:15:00
100,"(0.0006525285481240317, 0.006199021207177857, -0.004241435562805873)",2012-12-24 09:30:00,2013-01-04 14:00:00
150,"(-0.004893964110929905, 0.006199021207177857, -0.005872756933115841)",2012-12-24 09:30:00,2013-01-10 09:15:00
25,"(-0.0039486673247778326, 0.00032905561039808795, -0.0049358341559723184)",2013-01-15 13:45:00,2013-01-17 10:00:00
50,"(-0.000987166831194486, 0.00032905561039808795, -0.0049358341559723184)",2013-01-15 13:45:00,2013-01-18 14:45:00
75,"(-0.0016452780519907728, 0.005264889766370517, -0.0049358341559723184)",2013-01-15 13:45:00,2013-01-22 11:30:00
100,"(-0.0049358341559723184, 0.005264889766370517, -0.0049358341559723184)",2013-01-15 13:45:00,2013-01-24 10:00:00
150,"(-0.010200723922342836, 0.005264889766370517, -0.010858835143139234)",2013-01-15 13:45:00,2013-01-29 11:30:00
25,"(-0.007159904534606243, 0.0, -0.008523695874531168)",2013-03-29 09:30:00,2013-04-01 14:00:00
50,"(-0.008523695874531168, 0.0, -0.01022843504943749)",2013-03-29 09:30:00,2013-04-03 10:45:00
75,"(0.001022843504943749, 0.0023866348448686736, -0.011251278554381128)",2013-03-29 09:30:00,2013-04-09 09:15:00
100,"(-0.0006818956699624623, 0.003068530514831247, -0.011251278554381128)",2013-03-29 09:30:00,2013-04-10 14:00:00
150,"(-0.008864643709512454, 0.007841800204568594, -0.013637913399249912)",2013-03-29 09:30:00,2013-04-16 09:15:00
25,"(-0.0010302197802197766, 0.0027472527472527375, -0.006868131868131844)",2013-05-02 09:30:00,2013-05-03 14:00:00
50,"(0.006181318681318659, 0.009615384615384581, -0.006868131868131844)",2013-05-02 09:30:00,2013-05-07 10:45:00
75,"(0.005494505494505475, 0.009615384615384581, -0.006868131868131844)",2013-05-02 09:30:00,2013-05-09 09:15:00
100,"(0.006181318681318659, 0.009615384615384581, -0.006868131868131844)",2013-05-02 09:30:00,2013-05-10 14:00:00
150,"(-0.0006868131868131844, 0.009615384615384581, -0.006868131868131844)",2013-05-02 09:30:00,2013-05-16 09:15:00
25,"(0.0, 0.0024063251976624844, -0.002062564455139193)",2013-05-17 09:30:00,2013-05-20 14:00:00
50,"(0.003781368167755206, 0.004125128910278386, -0.002062564455139193)",2013-05-17 09:30:00,2013-05-22 10:45:00
75,"(0.0055001718803713295, 0.008937779305603355, -0.002062564455139193)",2013-05-17 09:30:00,2013-05-24 09:15:00
100,"(0.005156411137848149, 0.008937779305603355, -0.002062564455139193)",2013-05-17 09:30:00,2013-05-27 14:00:00
150,"(0.013406668958404921, 0.015812994156067406, -0.002062564455139193)",2013-05-17 09:30:00,2013-05-31 09:15:00
25,"(-0.0013418316001342356, 0.0006709158000670623, -0.00805098960080508)",2013-06-03 14:15:00,2013-06-05 10:45:00
50,"(0.0026836632002684713, 0.004696410600469658, -0.00805098960080508)",2013-06-03 14:15:00,2013-06-07 09:15:00
75,"(-0.011405568601140503, 0.005031868500503078, -0.015095605501509568)",2013-06-03 14:15:00,2013-06-13 14:00:00
100,"(-0.01308285810130827, 0.005031868500503078, -0.016437437101643693)",2013-06-03 14:15:00,2013-06-17 10:45:00
150,"(-0.03388124790338809, 0.005031868500503078, -0.03455216370345526)",2013-06-03 14:15:00,2013-06-20 14:00:00
25,"(0.0035714285714285587, 0.005714285714285783, -0.001071428571428612)",2013-12-04 09:30:00,2013-12-05 14:00:00
50,"(0.005714285714285783, 0.00642857142857145, -0.001071428571428612)",2013-12-04 09:30:00,2013-12-09 10:45:00
75,"(0.012142857142857233, 0.013214285714285623, -0.001071428571428612)",2013-12-04 09:30:00,2013-12-11 09:15:00
100,"(0.010357142857142954, 0.015357142857142847, -0.001071428571428612)",2013-12-04 09:30:00,2013-12-12 14:00:00
150,"(0.0, 0.015357142857142847, -0.001071428571428612)",2013-12-04 09:30:00,2013-12-18 09:15:00
25,"(-0.0028358738036157183, 0.0014179369018079147, -0.0038993264799715988)",2013-12-27 22:00:00,2013-12-30 14:15:00
50,"(-0.006735200283587428, 0.0014179369018079147, -0.007444168734491274)",2013-12-27 22:00:00,2013-12-31 10:45:00
75,"(-0.009216589861751112, 0.0014179369018079147, -0.010634526763559027)",2013-12-27 22:00:00,2014-01-02 21:15:00
100,"(-0.009216589861751112, 0.0014179369018079147, -0.010634526763559027)",2013-12-27 22:00:00,2014-01-03 13:45:00
150,"(-0.014179369018078702, 0.0014179369018079147, -0.015242821694434583)",2013-12-27 22:00:00,2014-01-07 00:30:00
25,"(-0.0011041589988958211, 0.0007361059992638808, -0.0025763709974235827)",2014-01-28 21:15:00,2014-01-29 11:30:00
50,"(-0.004784688995215336, 0.0007361059992638808, -0.006624953993375038)",2014-01-28 21:15:00,2014-01-30 09:45:00
75,"(-0.015090172984909778, 0.0007361059992638808, -0.015090172984909778)",2014-01-28 21:15:00,2014-02-07 14:30:00
100,"(-0.015458225984541829, 0.0007361059992638808, -0.01729849098270153)",2014-01-28 21:15:00,2014-02-10 11:00:00
150,"(-0.019874861980125114, 0.0007361059992638808, -0.02576370997423627)",2014-01-28 21:15:00,2014-02-11 23:45:00
25,"(-0.011086474501108667, 0.0014781966001478075, -0.013303769401330379)",2014-02-07 09:15:00,2014-02-07 23:30:00
50,"(-0.00960827790096086, 0.0014781966001478075, -0.013303769401330379)",2014-02-07 09:15:00,2014-02-10 22:00:00
75,"(-0.01921655580192161, 0.0014781966001478075, -0.021803399852180383)",2014-02-07 09:15:00,2014-02-11 14:30:00
100,"(-0.016260162601625994, 0.0014781966001478075, -0.021803399852180383)",2014-02-07 09:15:00,2014-02-12 11:00:00
150,"(-0.014781966001478186, 0.0014781966001478075, -0.021803399852180383)",2014-02-07 09:15:00,2014-02-13 23:45:00
25,"(-0.001480384900074072, 0.0048112509252404845, -0.002960769800148033)",2014-02-14 21:30:00,2014-02-17 13:45:00
50,"(-0.0033308660251665234, 0.0048112509252404845, -0.0037009622501850137)",2014-02-14 21:30:00,2014-02-18 10:00:00
75,"(-0.0018504811250925624, 0.0048112509252404845, -0.00925240562546259)",2014-02-14 21:30:00,2014-02-19 00:30:00
100,"(-0.0048112509252405955, 0.0048112509252404845, -0.00925240562546259)",2014-02-14 21:30:00,2014-02-19 23:00:00
150,"(-0.0011102886750554708, 0.0048112509252404845, -0.00925240562546259)",2014-02-14 21:30:00,2014-02-21 14:00:00
25,"(0.005458089668616051, 0.00974658869395717, -0.0035087719298245723)",2014-03-25 11:30:00,2014-03-26 09:30:00
50,"(0.004678362573099504, 0.00974658869395717, -0.0035087719298245723)",2014-03-25 11:30:00,2014-03-27 00:00:00
75,"(0.00974658869395717, 0.01091617933723188, -0.0035087719298245723)",2014-03-25 11:30:00,2014-03-27 22:30:00
100,"(0.01637426900584793, 0.021052631578947434, -0.0035087719298245723)",2014-03-25 11:30:00,2014-03-28 15:00:00
150,"(0.01637426900584793, 0.021052631578947434, -0.0035087719298245723)",2014-03-25 11:30:00,2014-04-01 09:45:00
25,"(0.0011659541391371153, 0.00660707345511069, -0.0027205596579867874)",2014-03-25 14:00:00,2014-03-26 10:00:00
50,"(0.0007773027594248916, 0.00660707345511069, -0.0027205596579867874)",2014-03-25 14:00:00,2014-03-27 00:30:00
75,"(0.0062184220753984665, 0.007773027594248028, -0.0027205596579867874)",2014-03-25 14:00:00,2014-03-27 23:00:00
100,"(0.017100660707345616, 0.017877963466770286, -0.0027205596579867874)",2014-03-25 14:00:00,2014-03-28 21:30:00
150,"(0.013214146910221602, 0.017877963466770286, -0.0027205596579867874)",2014-03-25 14:00:00,2014-04-01 10:15:00
25,"(-0.004212945231712006, 0.003063960168517843, -0.006510915358100333)",2014-03-28 13:45:00,2014-03-31 09:45:00
50,"(0.0007659900421295163, 0.003063960168517843, -0.006510915358100333)",2014-03-28 13:45:00,2014-04-01 00:15:00
75,"(-0.003063960168517843, 0.003063960168517843, -0.006510915358100333)",2014-03-28 13:45:00,2014-04-01 22:45:00
100,"(0.00536193029490617, 0.009191880505553529, -0.009574875526618176)",2014-03-28 13:45:00,2014-04-02 21:15:00
150,"(0.003446955189582601, 0.009191880505553529, -0.009574875526618176)",2014-03-28 13:45:00,2014-04-04 10:00:00
25,"(-0.0026748184944592746, 0.006878104700038135, -0.0038211692777989636)",2014-04-02 15:00:00,2014-04-03 11:15:00
50,"(0.0003821169277800074, 0.006878104700038135, -0.0038211692777989636)",2014-04-02 15:00:00,2014-04-04 09:30:00
75,"(0.0019105846388995928, 0.006878104700038135, -0.0038211692777989636)",2014-04-02 15:00:00,2014-04-08 14:15:00
100,"(0.0015284677111195855, 0.006878104700038135, -0.0038211692777989636)",2014-04-02 15:00:00,2014-04-09 10:45:00
150,"(0.011081390905617106, 0.012227741688956906, -0.00534963698891866)",2014-04-02 15:00:00,2014-04-10 23:30:00
25,"(-0.00037579857196545774, 0.0011273957158963732, -0.002630590003757982)",2014-04-17 21:30:00,2014-04-18 13:45:00
50,"(-0.007140172867343142, 0.0018789928598270667, -0.007891770011273946)",2014-04-17 21:30:00,2014-04-21 10:00:00
75,"(-0.008643367155204862, 0.0018789928598270667, -0.009019165727170209)",2014-04-17 21:30:00,2014-04-22 00:30:00
100,"(0.0, 0.0018789928598270667, -0.009770762871101124)",2014-04-17 21:30:00,2014-04-22 23:00:00
150,"(0.02931228861330326, 0.031567080045095786, -0.009770762871101124)",2014-04-17 21:30:00,2014-04-24 14:00:00
25,"(0.009822440498677754, 0.012844729882886208, -0.000755572346052169)",2014-04-22 14:45:00,2014-04-23 11:00:00
50,"(0.023800528900642215, 0.027578390630902838, -0.000755572346052169)",2014-04-22 14:45:00,2014-04-24 09:15:00
75,"(0.027578390630902838, 0.03702304495655451, -0.000755572346052169)",2014-04-22 14:45:00,2014-04-24 23:45:00
100,"(0.022289384208537877, 0.03702304495655451, -0.000755572346052169)",2014-04-22 14:45:00,2014-04-25 22:15:00
150,"(0.01624480544012097, 0.03702304495655451, -0.000755572346052169)",2014-04-22 14:45:00,2014-04-29 11:15:00
25,"(0.01003717472118959, 0.011152416356877248, -0.0018587360594795044)",2014-04-23 14:45:00,2014-04-24 11:00:00
50,"(0.012267657992565129, 0.020446096654274992, -0.0018587360594795044)",2014-04-23 14:45:00,2014-04-25 09:15:00
75,"(0.006319702602230581, 0.020446096654274992, -0.0018587360594795044)",2014-04-23 14:45:00,2014-04-25 23:45:00
100,"(0.004089219330855043, 0.020446096654274992, -0.0018587360594795044)",2014-04-23 14:45:00,2014-04-28 22:15:00
150,"(-0.008550185873605898, 0.020446096654274992, -0.010780669144981436)",2014-04-23 14:45:00,2014-04-30 11:15:00
25,"(0.007371913011426479, 0.01179506081828241, -0.002948765204570547)",2014-04-23 21:30:00,2014-04-24 13:45:00
50,"(-0.002948765204570547, 0.01179506081828241, -0.005160339107998513)",2014-04-23 21:30:00,2014-04-25 10:00:00
75,"(-0.0018429782528566196, 0.01179506081828241, -0.005160339107998513)",2014-04-23 21:30:00,2014-04-26 00:30:00
100,"(-0.005528934758569859, 0.01179506081828241, -0.00810910431256906)",2014-04-23 21:30:00,2014-04-28 23:00:00
150,"(-0.01879837817913743, 0.01179506081828241, -0.019166973829708778)",2014-04-23 21:30:00,2014-04-30 14:00:00
25,"(-0.009110787172011636, 0.00036443148688047877, -0.010204081632653073)",2014-04-24 11:30:00,2014-04-25 09:30:00
50,"(-0.01348396501457727, 0.00036443148688047877, -0.01639941690962099)",2014-04-24 11:30:00,2014-04-26 00:00:00
75,"(-0.014941690962099075, 0.00036443148688047877, -0.01931486880466471)",2014-04-24 11:30:00,2014-04-28 22:30:00
100,"(-0.02186588921282795, 0.00036443148688047877, -0.022959183673469385)",2014-04-24 11:30:00,2014-04-29 15:00:00
150,"(-0.03316326530612246, 0.00036443148688047877, -0.037172011661807614)",2014-04-24 11:30:00,2014-05-05 22:00:00
25,"(-0.002271006813020393, 0.0015140045420136694, -0.00681302043906129)",2014-05-09 21:30:00,2014-05-12 13:45:00
50,"(-0.003406510219530645, 0.0037850113550341735, -0.00681302043906129)",2014-05-09 21:30:00,2014-05-13 10:00:00
75,"(-0.00416351249053748, 0.0037850113550341735, -0.00681302043906129)",2014-05-09 21:30:00,2014-05-14 00:30:00
100,"(-0.005299015897047732, 0.0037850113550341735, -0.009084027252081794)",2014-05-09 21:30:00,2014-05-14 23:00:00
150,"(-0.01097653292959877, 0.0037850113550341735, -0.018546555639666895)",2014-05-09 21:30:00,2014-05-16 14:00:00
25,"(0.007068452380952328, 0.016369047619047672, -0.0078125)",2014-05-23 14:30:00,2014-05-26 10:45:00
50,"(0.006324404761904656, 0.016369047619047672, -0.0078125)",2014-05-23 14:30:00,2014-05-27 01:00:00
75,"(0.0037202380952381375, 0.016369047619047672, -0.0078125)",2014-05-23 14:30:00,2014-05-27 23:30:00
100,"(0.0033482142857141906, 0.016369047619047672, -0.0078125)",2014-05-23 14:30:00,2014-05-28 22:00:00
150,"(0.0029761904761904656, 0.016369047619047672, -0.0078125)",2014-05-23 14:30:00,2014-05-30 11:00:00
25,"(0.004832713754646889, 0.009665427509293778, -0.004460966542750966)",2014-06-06 14:15:00,2014-06-09 10:15:00
50,"(0.009293680297397744, 0.029368029739776924, -0.004460966542750966)",2014-06-06 14:15:00,2014-06-10 00:45:00
75,"(0.016728624535315983, 0.029368029739776924, -0.004460966542750966)",2014-06-06 14:15:00,2014-06-10 23:15:00
100,"(0.012267657992565129, 0.029368029739776924, -0.004460966542750966)",2014-06-06 14:15:00,2014-06-11 21:45:00
150,"(0.0007434944237918462, 0.029368029739776924, -0.004832713754646889)",2014-06-06 14:15:00,2014-06-13 10:45:00
25,"(-0.0021216407355021394, 0.0010608203677511252, -0.0024752475247524774)",2014-08-06 21:45:00,2014-08-07 14:00:00
50,"(-0.0021216407355021394, 0.0031824611032531536, -0.004950495049504955)",2014-08-06 21:45:00,2014-08-08 10:15:00
75,"(-0.0010608203677510142, 0.0031824611032531536, -0.005657708628005631)",2014-08-06 21:45:00,2014-08-09 00:45:00
100,"(0.0010608203677511252, 0.0031824611032531536, -0.005657708628005631)",2014-08-06 21:45:00,2014-08-11 23:15:00
150,"(0.0003536067892504491, 0.007072135785006983, -0.005657708628005631)",2014-08-06 21:45:00,2014-08-13 14:15:00
25,"(0.00684462696783017, 0.00684462696783017, -0.00444900752908961)",2014-09-01 11:15:00,2014-09-02 09:15:00
50,"(0.02053388090349073, 0.0232717316906228, -0.00444900752908961)",2014-09-01 11:15:00,2014-09-02 23:45:00
75,"(0.015058179329226595, 0.027378507871321123, -0.00444900752908961)",2014-09-01 11:15:00,2014-09-03 22:15:00
100,"(0.019507186858316317, 0.027378507871321123, -0.00444900752908961)",2014-09-01 11:15:00,2014-09-04 14:45:00
150,"(0.001368925393566034, 0.027378507871321123, -0.00444900752908961)",2014-09-01 11:15:00,2014-09-09 21:45:00
25,"(-0.0017953321364452268, 0.0035906642728904536, -0.0028725314183123407)",2014-10-29 21:30:00,2014-10-30 13:45:00
50,"(-0.0028725314183123407, 0.0035906642728904536, -0.007181328545781018)",2014-10-29 21:30:00,2014-10-31 10:00:00
75,"(0.0028725314183124517, 0.005745062836624681, -0.007181328545781018)",2014-10-29 21:30:00,2014-11-01 00:30:00
100,"(0.011131059245960584, 0.013644524236983813, -0.007181328545781018)",2014-10-29 21:30:00,2014-11-03 23:00:00
150,"(-0.0046678635547576786, 0.01831238779174149, -0.00789946140035902)",2014-10-29 21:30:00,2014-11-05 14:00:00
25,"(-0.006449165402124479, 0.003793626707132125, -0.012518968133535702)",2014-12-18 00:15:00,2014-12-18 22:30:00
50,"(-0.003034901365705611, 0.003793626707132125, -0.01365705614567525)",2014-12-18 00:15:00,2014-12-19 15:00:00
75,"(0.007587253414264028, 0.00948406676782998, -0.01365705614567525)",2014-12-18 00:15:00,2014-12-22 11:30:00
100,"(0.0018968133535659515, 0.011001517450682785, -0.01365705614567525)",2014-12-18 00:15:00,2014-12-23 09:45:00
150,"(-0.007966616084977285, 0.011001517450682785, -0.01365705614567525)",2014-12-18 00:15:00,2014-12-24 22:45:00
25,"(-0.0003909304143862036, 0.0, -0.00899139953088346)",2015-01-14 21:30:00,2015-01-15 13:45:00
50,"(0.0007818608287724071, 0.010946051602814588, -0.00899139953088346)",2015-01-14 21:30:00,2015-01-16 10:00:00
75,"(0.00899139953088346, 0.010946051602814588, -0.00899139953088346)",2015-01-14 21:30:00,2015-01-17 00:30:00
100,"(0.0007818608287724071, 0.01211884284597331, -0.00899139953088346)",2015-01-14 21:30:00,2015-01-19 23:00:00
150,"(-0.0015637216575449253, 0.01211884284597331, -0.00899139953088346)",2015-01-14 21:30:00,2015-01-21 14:00:00
25,"(0.004198473282442716, 0.01526717557251911, -0.005725190839694694)",2015-02-03 10:00:00,2015-02-04 00:15:00
50,"(0.013740458015267132, 0.01526717557251911, -0.005725190839694694)",2015-02-03 10:00:00,2015-02-04 22:45:00
75,"(0.010305343511450404, 0.01908396946564883, -0.005725190839694694)",2015-02-03 10:00:00,2015-02-05 21:15:00
100,"(0.017557251908396854, 0.020992366412213803, -0.005725190839694694)",2015-02-03 10:00:00,2015-02-06 13:45:00
150,"(0.010687022900763399, 0.020992366412213803, -0.005725190839694694)",2015-02-03 10:00:00,2015-02-10 00:30:00
25,"(-0.005712109672505683, 0.0, -0.00723533891850725)",2015-02-13 21:45:00,2015-02-16 14:00:00
50,"(-0.008377760853008343, 0.0, -0.010281797410510274)",2015-02-13 21:45:00,2015-02-17 10:15:00
75,"(-0.010662604722010638, 0.0011424219345010922, -0.011805026656511841)",2015-02-13 21:45:00,2015-02-25 15:00:00
100,"(-0.01256664127951257, 0.0011424219345010922, -0.01713632901751716)",2015-02-13 21:45:00,2015-02-26 11:30:00
150,"(-0.011043412033511002, 0.0011424219345010922, -0.01713632901751716)",2015-02-13 21:45:00,2015-02-28 00:15:00
25,"(0.001149865848984355, 0.0042161747796090054, -0.003449597546952843)",2015-03-02 09:30:00,2015-03-02 23:45:00
50,"(-0.00804906094289004, 0.0042161747796090054, -0.008432349559218122)",2015-03-02 09:30:00,2015-03-03 22:15:00
75,"(-0.005749329244921442, 0.0042161747796090054, -0.009198926791874285)",2015-03-02 09:30:00,2015-03-04 14:45:00
100,"(-0.006132617861249523, 0.0042161747796090054, -0.009198926791874285)",2015-03-02 09:30:00,2015-03-05 11:15:00
150,"(-0.00804906094289004, 0.0042161747796090054, -0.012265235722499046)",2015-03-02 09:30:00,2015-03-07 00:00:00
25,"(0.01115384615384607, 0.01538461538461533, -0.001153846153846172)",2015-03-12 14:30:00,2015-03-13 10:45:00
50,"(0.01115384615384607, 0.01538461538461533, -0.001153846153846172)",2015-03-12 14:30:00,2015-03-14 01:00:00
75,"(0.009615384615384581, 0.01538461538461533, -0.001153846153846172)",2015-03-12 14:30:00,2015-03-16 23:30:00
100,"(0.009615384615384581, 0.01538461538461533, -0.001153846153846172)",2015-03-12 14:30:00,2015-03-17 22:00:00
150,"(0.019230769230769162, 0.024230769230769278, -0.001153846153846172)",2015-03-12 14:30:00,2015-03-19 11:00:00
25,"(0.011380880121396153, 0.015174506828528056, -0.0011380880121396597)",2015-03-19 09:30:00,2015-03-19 23:45:00
50,"(0.008345978755690542, 0.015174506828528056, -0.0011380880121396597)",2015-03-19 09:30:00,2015-03-20 22:15:00
75,"(0.007207890743550882, 0.015174506828528056, -0.0011380880121396597)",2015-03-19 09:30:00,2015-03-23 14:45:00
100,"(0.007587253414264028, 0.015174506828528056, -0.0011380880121396597)",2015-03-19 09:30:00,2015-03-24 11:15:00
150,"(0.006828528072837736, 0.015174506828528056, -0.0011380880121396597)",2015-03-19 09:30:00,2015-03-26 00:00:00
25,"(-0.0037678975131876236, 0.0041446872645063415, -0.0067822155237377)",2015-04-09 14:15:00,2015-04-10 10:15:00
50,"(-0.0033911077618689056, 0.0041446872645063415, -0.0067822155237377)",2015-04-09 14:15:00,2015-04-11 00:45:00
75,"(-0.010926902788244153, 0.0041446872645063415, -0.015071590052750605)",2015-04-09 14:15:00,2015-04-13 23:15:00
100,"(-0.017709118311981964, 0.0041446872645063415, -0.02034664657121321)",2015-04-09 14:15:00,2015-04-14 21:45:00
150,"(-0.012057272042200418, 0.0041446872645063415, -0.02034664657121321)",2015-04-09 14:15:00,2015-04-16 10:45:00
25,"(-0.00039416633819466806, 0.0023649980291682304, -0.0027591643673630095)",2015-07-01 21:30:00,2015-07-02 13:45:00
50,"(-0.0015766653527788943, 0.004335829720141904, -0.0027591643673630095)",2015-07-01 21:30:00,2015-07-03 10:00:00
75,"(-0.004335829720141904, 0.004335829720141904, -0.006700827749310245)",2015-07-01 21:30:00,2015-07-04 00:30:00
100,"(-0.013007489160425711, 0.004335829720141904, -0.022073314938904187)",2015-07-01 21:30:00,2015-07-06 23:00:00
150,"(-0.04296413086322426, 0.004335829720141904, -0.052029956641702846)",2015-07-01 21:30:00,2015-07-08 14:00:00
25,"(0.0004053506282934993, 0.0008107012565869987, -0.010944466963923816)",2015-07-08 21:30:00,2015-07-09 13:45:00
50,"(0.008107012565869542, 0.01337657073368459, -0.010944466963923816)",2015-07-08 21:30:00,2015-07-10 10:00:00
75,"(0.009323064450749818, 0.016214025131738863, -0.010944466963923816)",2015-07-08 21:30:00,2015-07-11 00:30:00
100,"(0.011349817592217315, 0.016214025131738863, -0.010944466963923816)",2015-07-08 21:30:00,2015-07-13 23:00:00
150,"(0.006485610052695545, 0.016214025131738863, -0.010944466963923816)",2015-07-08 21:30:00,2015-07-15 14:00:00
25,"(-0.00039968025579539823, 0.01159072741806555, -0.001998401278976769)",2015-07-16 14:00:00,2015-07-17 10:00:00
50,"(-0.005595523581135131, 0.01159072741806555, -0.006394884092725817)",2015-07-16 14:00:00,2015-07-18 00:30:00
75,"(-0.00039968025579539823, 0.01159072741806555, -0.007194244604316502)",2015-07-16 14:00:00,2015-07-20 23:00:00
100,"(-0.005595523581135131, 0.01159072741806555, -0.007194244604316502)",2015-07-16 14:00:00,2015-07-21 21:30:00
150,"(-0.015987210231814597, 0.01159072741806555, -0.01918465227817745)",2015-07-16 14:00:00,2015-07-23 10:15:00
25,"(0.0, 0.0008149959250203231, -0.0032599837000815146)",2015-07-30 21:30:00,2015-07-31 13:45:00
50,"(-0.006112469437652757, 0.0024449877750611915, -0.022004889975550168)",2015-07-30 21:30:00,2015-08-03 10:00:00
75,"(-0.011817440912795463, 0.0024449877750611915, -0.022004889975550168)",2015-07-30 21:30:00,2015-08-04 00:30:00
100,"(-0.010187449062754705, 0.0024449877750611915, -0.022004889975550168)",2015-07-30 21:30:00,2015-08-04 23:00:00
150,"(-0.016707416462917735, 0.0024449877750611915, -0.022004889975550168)",2015-07-30 21:30:00,2015-08-06 14:00:00
25,"(-0.012287334593572785, 0.008034026465028266, -0.018903591682419618)",2015-10-23 15:00:00,2015-10-26 11:15:00
50,"(-0.007088846880907385, 0.008034026465028266, -0.018903591682419618)",2015-10-23 15:00:00,2015-10-27 09:30:00
75,"(-0.0033081285444234165, 0.008034026465028266, -0.018903591682419618)",2015-10-23 15:00:00,2015-10-28 00:00:00
100,"(-0.018431001890359178, 0.008034026465028266, -0.031190926275992403)",2015-10-23 15:00:00,2015-10-28 22:30:00
150,"(-0.022211720226843146, 0.008034026465028266, -0.031190926275992403)",2015-10-23 15:00:00,2015-10-30 11:30:00
25,"(0.012779552715654896, 0.01506161570059339, -0.00867183934276583)",2016-02-15 23:45:00,2016-02-16 22:00:00
50,"(0.0022820629849384932, 0.01506161570059339, -0.00867183934276583)",2016-02-15 23:45:00,2016-02-17 14:30:00
75,"(0.001369237790963096, 0.01506161570059339, -0.00867183934276583)",2016-02-15 23:45:00,2016-02-18 11:00:00
100,"(0.0009128251939753973, 0.01506161570059339, -0.00867183934276583)",2016-02-15 23:45:00,2016-02-19 09:15:00
150,"(0.024646280237334617, 0.02921040620721138, -0.00867183934276583)",2016-02-15 23:45:00,2016-02-22 22:15:00
25,"(0.00044424700133283146, 0.0008884940026654409, -0.006219458018658419)",2016-02-22 09:30:00,2016-02-22 23:45:00
50,"(-0.007996446023989301, 0.0026654820079965447, -0.009329187027987573)",2016-02-22 09:30:00,2016-02-23 22:15:00
75,"(-0.011550422034651286, 0.0026654820079965447, -0.015104398045313161)",2016-02-22 09:30:00,2016-02-24 14:45:00
100,"(0.0008884940026654409, 0.006219458018658308, -0.015104398045313161)",2016-02-22 09:30:00,2016-02-25 11:15:00
150,"(0.008884940026654853, 0.015104398045313161, -0.015104398045313161)",2016-02-22 09:30:00,2016-02-27 00:00:00
25,"(-0.002163565556036362, 0.002163565556036362, -0.006490696668109086)",2016-03-21 10:15:00,2016-03-22 00:30:00
50,"(-0.003461704889658135, 0.002163565556036362, -0.008221549112938153)",2016-03-21 10:15:00,2016-03-22 23:00:00
75,"(-0.006490696668109086, 0.002163565556036362, -0.008221549112938153)",2016-03-21 10:15:00,2016-03-23 21:30:00
100,"(0.0038944180008653184, 0.007356122890523675, -0.008221549112938153)",2016-03-21 10:15:00,2016-03-24 14:00:00
150,"(0.01384681955863254, 0.017308524448290674, -0.008221549112938153)",2016-03-21 10:15:00,2016-03-26 00:45:00
25,"(-0.004306632213608941, 0.0025839793281654533, -0.009905254091300608)",2016-03-24 11:00:00,2016-03-25 01:00:00
50,"(0.009043927648578753, 0.01248923341946595, -0.009905254091300608)",2016-03-24 11:00:00,2016-03-25 23:30:00
75,"(0.021102497846683832, 0.021533161068044704, -0.009905254091300608)",2016-03-24 11:00:00,2016-03-28 22:00:00
100,"(0.01421188630490966, 0.023255813953488413, -0.009905254091300608)",2016-03-24 11:00:00,2016-03-29 14:30:00
150,"(0.010766580534022463, 0.023255813953488413, -0.009905254091300608)",2016-03-24 11:00:00,2016-03-31 09:15:00
25,"(0.005579399141630859, 0.009012875536480669, -0.0012875536480686511)",2016-03-25 09:30:00,2016-03-25 23:45:00
50,"(0.01587982832618029, 0.018454935622317592, -0.0012875536480686511)",2016-03-25 09:30:00,2016-03-28 22:15:00
75,"(0.006008583690987113, 0.019742489270386354, -0.0012875536480686511)",2016-03-25 09:30:00,2016-03-29 14:45:00
100,"(0.0051502145922746045, 0.019742489270386354, -0.0012875536480686511)",2016-03-25 09:30:00,2016-03-30 11:15:00
150,"(0.014592274678111528, 0.019742489270386354, -0.0012875536480686511)",2016-03-25 09:30:00,2016-04-01 00:00:00
25,"(0.0051875498802873565, 0.011173184357541999, -0.02154828411811649)",2016-04-21 14:30:00,2016-04-22 10:45:00
50,"(0.021947326416600133, 0.04349561053471662, -0.02154828411811649)",2016-04-21 14:30:00,2016-04-23 01:00:00
75,"(0.027533918595371132, 0.04349561053471662, -0.02154828411811649)",2016-04-21 14:30:00,2016-04-25 23:30:00
100,"(0.02314445331205106, 0.04349561053471662, -0.02154828411811649)",2016-04-21 14:30:00,2016-04-26 22:00:00
150,"(-0.0003990422984836428, 0.04349561053471662, -0.02154828411811649)",2016-04-21 14:30:00,2016-04-28 11:00:00
25,"(-0.011885895404120439, 0.0007923930269413404, -0.01307448494453245)",2016-07-06 22:00:00,2016-07-07 14:15:00
50,"(-0.01307448494453245, 0.0007923930269413404, -0.015847860538827252)",2016-07-06 22:00:00,2016-07-08 10:45:00
75,"(-0.0003961965134706702, 0.0027733755942946914, -0.015847860538827252)",2016-07-06 22:00:00,2016-07-09 01:00:00
100,"(-0.0011885895404120106, 0.0035657686212360318, -0.015847860538827252)",2016-07-06 22:00:00,2016-07-11 23:30:00
150,"(0.003961965134706924, 0.008320126782884296, -0.015847860538827252)",2016-07-06 22:00:00,2016-07-13 14:30:00
25,"(0.0007958615200955865, 0.005968961400716344, -0.004775169120573075)",2016-08-17 21:30:00,2016-08-18 13:45:00
50,"(0.0055710306406684396, 0.01830481496219649, -0.004775169120573075)",2016-08-17 21:30:00,2016-08-19 10:00:00
75,"(0.001591723040190951, 0.01830481496219649, -0.004775169120573075)",2016-08-17 21:30:00,2016-08-20 00:30:00
100,"(-0.014325507361719114, 0.01830481496219649, -0.021886191802626298)",2016-08-17 21:30:00,2016-08-22 23:00:00
150,"(-0.009948269001193832, 0.01830481496219649, -0.021886191802626298)",2016-08-17 21:30:00,2016-08-24 14:00:00
25,"(-0.012519561815336422, 0.0, -0.013693270735524288)",2016-08-18 21:15:00,2016-08-19 11:30:00
50,"(-0.022691705790297334, 0.0, -0.02308294209702655)",2016-08-18 21:15:00,2016-08-22 09:45:00
75,"(-0.03090766823161184, 0.0, -0.03834115805946792)",2016-08-18 21:15:00,2016-08-23 00:15:00
100,"(-0.025039123630672955, 0.0, -0.03834115805946792)",2016-08-18 21:15:00,2016-08-23 22:45:00
150,"(-0.03442879499217533, 0.0, -0.03912363067292646)",2016-08-18 21:15:00,2016-08-25 13:45:00
25,"(-0.0025584795321637044, 0.023026315789473673, -0.014619883040935644)",2016-10-25 21:30:00,2016-10-26 13:45:00
50,"(-0.013523391812865548, 0.023026315789473673, -0.016447368421052655)",2016-10-25 21:30:00,2016-10-27 10:00:00
75,"(0.005116959064327409, 0.023026315789473673, -0.021198830409356773)",2016-10-25 21:30:00,2016-10-28 00:30:00
100,"(0.019736842105263053, 0.02412280701754388, -0.021198830409356773)",2016-10-25 21:30:00,2016-10-28 23:00:00
150,"(0.03289473684210531, 0.04385964912280693, -0.021198830409356773)",2016-10-25 21:30:00,2016-11-01 14:00:00
25,"(-0.022294138798993113, 0.006472491909385036, -0.030564545127651943)",2016-10-25 21:45:00,2016-10-26 14:00:00
50,"(-0.029485796476087733, 0.006472491909385036, -0.032362459546925515)",2016-10-25 21:45:00,2016-10-27 10:15:00
75,"(-0.01438331535418913, 0.006472491909385036, -0.03703703703703709)",2016-10-25 21:45:00,2016-10-28 00:45:00
100,"(0.0014383315354189463, 0.007551240560949246, -0.03703703703703709)",2016-10-25 21:45:00,2016-10-28 23:15:00
150,"(0.016181229773462702, 0.026968716289104577, -0.03703703703703709)",2016-10-25 21:45:00,2016-11-01 14:15:00
25,"(0.0, 0.0, -0.024537695590327147)",2016-11-09 22:45:00,2016-11-10 15:00:00
50,"(0.0035561877667140696, 0.013869132290184938, -0.024537695590327147)",2016-11-09 22:45:00,2016-11-11 11:30:00
75,"(0.013513513513513598, 0.05618776671408243, -0.031294452347083945)",2016-11-09 22:45:00,2016-11-14 09:45:00
100,"(0.013157894736842035, 0.05618776671408243, -0.031294452347083945)",2016-11-09 22:45:00,2016-11-15 00:15:00
150,"(-0.038762446657183536, 0.05618776671408243, -0.04089615931721191)",2016-11-09 22:45:00,2016-11-16 21:15:00
25,"(-0.04014971078598162, 0.010547805375978214, -0.07315413405920379)",2016-11-11 21:45:00,2016-11-14 14:00:00
50,"(-0.02177611432460025, 0.010547805375978214, -0.07315413405920379)",2016-11-11 21:45:00,2016-11-15 10:15:00
75,"(-0.05818305546104119, 0.010547805375978214, -0.07315413405920379)",2016-11-11 21:45:00,2016-11-16 00:45:00
100,"(-0.08097992514460706, 0.010547805375978214, -0.08438244300782582)",2016-11-11 21:45:00,2016-11-16 23:15:00
150,"(-0.07383463763184761, 0.010547805375978214, -0.09663150731541337)",2016-11-11 21:45:00,2016-11-18 14:15:00
